Workbook

Sheet Sheet1
R1: 'kkys; iks"k.k ;kstuk lu ¼2025& 2026½ | AE1: vkWDVkcj 2025
Q2: 'kkGsps uko &% bafnjkckbZ dU;k fo|ky; f'kjkGk -rk- ft- vejkorh | JT2: 2026 pk lkBk f'kYyd oxZ 5 oh rs 8 oh
C3: pkyq iVla[;k | I3: 'kk- iks- vkgkj fooj.k ,fizy 2026 | Q3: oxZ 5 oh ¼rkanqG½ | AB3: oxZ 6 oh rs 8 oh ¼rkanqG½ | AM3: oxZ 5 oh ¼gjcjk½ | AX3: oxZ 6 rs 8 oh ¼gjcjk½ | BI3: oxZ 5 oh ¼elqj MkG½ | BT3: oxZ 6 oh rs 8 oh ¼elqj MkG½ | CE3: oxZ 5 oh ¼ eVdh½ poGh | CP3: oxZ 6 oh rs 8 oh ¼eVdh½ poGh | DA3: oxZ 5 oh ¼eksgjh½ | DL3: oxZ 6 oh rs 8 oh ¼eksgjh½ | DW3: oxZ 5 oh ¼gGn½ | EH3: oxZ 6 oh rs 8 oh ¼gGn½ | ES3: oxZ 5 oh ¼dkank elkyk½ | FD3: oxZ 6 oh rs 8 oh ¼dkank elkyk½ | FO3: oxZ 5 oh ¼feB½ | FZ3: oxZ 6 oh rs 8 oh ¼feB½ | GK3: oxZ 5 oh ¼rsy½ | GV3: oxZ 6 oh rs 8 oh ¼rsy½ | HG3: oxZ 5 oh iqjd vkgkj | HS3: oxZ 6 oh rs 8 oh iqjd vkgkj | IQ3: 5 to | JK3: 6 To 8 | JT3: xks"kokjk
A4: okj | B4: fnukad | C4: oxZ 5 ok | D4: ,dq.k 5 ok | E4: 6 ok | F4: 7 ok | G4: 8 ok | H4: ,dq.k 6 rs 8 | I4: okj | J4: fnukad | K4: oxZ 5 oh | L4: oxZ 6 oh | M4: ,dq.k | N4: rif'ky | Q4: v- dz- | R4: efguk | S4: ekxhy f'kYyd | T4: iqjoBk/kkjd izkIr | U4: ,dq.k | V4: fo|kF;hZ la[;k | W4: izfr fo|kF;hz xzWe | X4: f'kto.;kr vkysyk rkanqG | Y4: fnol v[ksj f'kYyd rkanqG | Z4: fuOoG f'kYyd rkanqG | AA4: v- dz- | AB4: efguk | AC4: ekxhy f'kYyd | AD4: iqjoBk/kkjd izkIr | AE4: ,dq.k | AF4: fo|kF;hZ la[;k | AG4: izfr fo|kF;hz xzWe | AH4: f'kto.;kr vkysyk rkanqG | AI4: efgukc[ksj f'kYyd rkanqG | AJ4: fuOoG f'kYyd rkanqG | AK4: oxZ 5 oh rs 8 oh rkanqG f'kYyd | AM4: v- dz- | AN4: efguk | AO4: ekxhy f'kYyd | AP4: iqjoBk/kkjd izkIr | AQ4: ,dq.k | AR4: fo|kF;hZ la[;k | AS4: izfr fo|kF;hz xzWe | AT4: f'kto.;kr vkysyk okVk.kk | AU4: fnol v[ksj f'kYyd okVk.kk | AV4: fuOoG f'kYyd okVk.kk | AW4: v- dz- | AX4: efguk | AY4: ekxhy f'kYyd | AZ4: iqjoBk/kkjd izkIr | BA4: ,dq.k | BB4: fo|kF;hZ la[;k | BC4: izfr fo|kF;hz xzWe | BD4: f'kto.;kr vkysyk okVk.kk | BE4: efgukc[ksj f'kYyd okVk.kk | BF4: fuOoG f'kYyd okVk.kk | BG4: oxZ 5 oh rs 8 oh okVk.kk f'kYyd | BI4: v- dz- | BJ4: efguk | BK4: ekxhy f'kYyd | BL4: iqjoBk/kkjd izkIr | BM4: ,dq.k | BN4: fo|kF;hZ la[;k | BO4: izfr fo|kF;hz xzWe | BP4: f'kto.;kr vkysyk elqj MkG | BQ4: fnol v[ksj f'kYyd elqj MkG | BR4: fuOoG f'kYyd elqj MkG | BS4: v- dz- | BT4: efguk | BU4: ekxhy f'kYyd | BV4: iqjoBk/kkjd izkIr | BW4: ,dq.k | BX4: fo|kF;hZ la[;k | BY4: izfr fo|kF;hz xzWe | BZ4: f'kto.;kr vkysyk elqj MkG | CA4: efgukc[ksj f'kYyd elqj MkG | CB4: fuOoG f'kYyd elqj MkG | CC4: oxZ 5 oh rs 8 oh elqj MkG f'kYyd | CE4: v- dz- | CF4: efguk | CG4: ekxhy f'kYyd | CH4: iqjoBk/kkjd izkIr | CI4: ,dq.k | CJ4: fo|kF;hZ la[;k | CK4: izfr fo|kF;hz xzWe | CL4: f'kto.;kr vkysyk gjcjk | CM4: fnol v[ksj f'kYyd gjcjk | CN4: fuOoG f'kYyd gjcjk | CO4: v- dz- | CP4: efguk | CQ4: ekxhy f'kYyd | CR4: iqjoBk/kkjd izkIr | CS4: ,dq.k | CT4: fo|kF;hZ la[;k | CU4: izfr fo|kF;hz xzWe | CV4: f'kto.;kr vkysyk gjcjk | CW4: efgukc[ksj f'kYyd gjcjk | CX4: fuOoG f'kYyd gjcjk | CY4: oxZ 5 oh rs 8 oh gjcjk f'kYyd | DA4: v- dz- | DB4: efguk | DC4: ekxhy f'kYyd | DD4: iqjoBk/kkjd izkIr | DE4: ,dq.k | DF4: fo|kF;hZ la[;k | DG4: izfr fo|kF;hz xzWe | DH4: f'kto.;kr vkysyk eksgjh | DI4: fnol v[ksj f'kYyd eksgjh | DJ4: fuOoG f'kYyd eksgjh | DK4: v- dz- | DL4: efguk | DM4: ekxhy f'kYyd | DN4: iqjoBk/kkjd izkIr | DO4: ,dq.k | DP4: fo|kF;hZ la[;k | DQ4: izfr fo|kF;hz xzWe | DR4: f'kto.;kr vkysyk eksgjh | DS4: efgukc[ksj f'kYyd eksgjh | DT4: fuOoG f'kYyd eksgjh | DU4: oxZ 5 oh rs 8 oh eksgjh f'kYyd | DW4: v- dz- | DX4: efguk | DY4: ekxhy f'kYyd | DZ4: iqjoBk/kkjd izkIr | EA4: ,dq.k | EB4: fo|kF;hZ la[;k | EC4: izfr fo|kF;hz xzWe | ED4: f'kto.;kr vkysyk gGn | EE4: fnol v[ksj f'kYyd gGn | EF4: fuOoG f'kYyd gGn | EG4: v- dz- | EH4: efguk | EI4: ekxhy f'kYyd | EJ4: iqjoBk/kkjd izkIr | EK4: ,dq.k | EL4: fo|kF;hZ la[;k | EM4: izfr fo|kF;hz xzWe | EN4: f'kto.;kr vkysyk gGn | EO4: efgukc[ksj f'kYyd gGn | EP4: fuOoG f'kYyd gGn | EQ4: oxZ 5 oh rs 8 oh gGn f'kYyd | ES4: v- dz- | ET4: efguk | EU4: ekxhy f'kYyd | EV4: iqjoBk/kkjd izkIr | EW4: ,dq.k | EX4: fo|kF;hZ la[;k | EY4: izfr fo|kF;hz xzWe | EZ4: f'kto.;kr vkysyk dkank elkyk | FA4: fnol v[ksj f'kYyd dkank elkyk | FB4: fuOoG f'kYyd dkank elkyk | FC4: v- dz- | FD4: efguk | FE4: ekxhy f'kYyd | FF4: iqjoBk/kkjd izkIr | FG4: ,dq.k | FH4: fo|kF;hZ la[;k | FI4: izfr fo|kF;hz xzWe | FJ4: f'kto.;kr vkysyk dkank elkyk | FK4: fnol v[ksj f'kYyd dkank elkyk | FL4: fuOoG f'kYyd dkank elkyk | FM4: oxZ 5 oh rs 8 oh dkank elkyk f'kYyd | FO4: v- dz- | FP4: efguk | FQ4: ekxhy f'kYyd | FR4: iqjoBk/kkjd izkIr | FS4: ,dq.k | FT4: fo|kF;hZ la[;k | FU4: izfr fo|kF;hz xzWe | FV4: f'kto.;kr vkysyk feB | FW4: fnol v[ksj f'kYyd feB | FX4: fuOoG f'kYyd feB | FY4: v- dz- | FZ4: efguk | GA4: ekxhy f'kYyd | GB4: iqjoBk/kkjd izkIr | GC4: ,dq.k | GD4: fo|kF;hZ la[;k | GE4: izfr fo|kF;hz xzWe | GF4: f'kto.;kr vkysyk feB | GG4: fnol v[ksj f'kYyd feB | GH4: fuOoG f'kYyd feB | GI4: oxZ 5 oh rs 8 oh feB f'kYyd | GK4: v- dz- | GL4: efguk | GM4: ekxhy f'kYyd | GN4: iqjoBk/kkjd izkIr | GO4: ,dq.k | GP4: fo|kF;hZ la[;k | GQ4: izfr fo|kF;hz 5 xzWe | GR4: f'kto.;kr vkysyk rsy | GS4: fnol v[ksj f'kYyd rsy | GT4: fuOoG f'kYyd rsy | GU4: v- dz- | GV4: efguk | GW4: ekxhy f'kYyd | GX4: iqjoBk/kkjd izkIr | GY4: ,dq.k | GZ4: fo|kF;hZ la[;k | HA4: izfr fo|kF;hz 7.5 xzWe | HB4: f'kto.;kr vkysyk rsy | HC4: fnol v[ksj f'kYyd rsy | HD4: fuOoG f'kYyd rsy | HE4: oxZ 5 oh rs 8 oh rsy f'kYyd | HG4: v- dz- | HH4: efguk | HI4: fo|kF;hZ la[;k | HJ4: Hkkftikyk [kpZ nj ¼ 0.79½ | HK4: Hkkftikyk [kpZ jDde | HL4: ba/ku [kpZ nj ¼ 0.71½ | HM4: ba/ku [kpZ jDde | HN4: iqjd vkgkj [kpZ nj ¼ 0.58½ | HO4: iqjd vkgkj [kpZ jDde | HP4: ,dq.k [kpZ nj ¼ 2.08½ | HQ4: ,dq.k [kpZ jDde | HR4: v- dz- | HS4: efguk | HT4: fo|kF;hZ la[;k | HU4: Hkkftikyk [kpZ nj ¼1.25½ | HV4: Hkkftikyk [kpZ jDde | HW4: ba/ku [kpZ nj ¼ 0.96½ | HX4: ba/ku [kpZ jDde | HY4: iqjd vkgkj [kpZ nj ¼ 0.90½ | HZ4: iqjd vkgkj [kpZ jDde | IA4: ,dq.k [kpZ nj ¼ 3.11½ | IB4: ,dq.k [kpZ jDde | IC4: oxZ 5 oh rs 8 oh Hkkftikyk [kpZ | ID4: oxZ 5 oh rs 8 oh ba/ku [kpZ | IE4: oxZ 5 oh rs 8 oh iqjd vkgkj [kpZ | IG4: fnukad | IH4: okj | II4: rif'ky | IJ4: pkyq efg.;kph iVla[;k | IK4: nSfud mifLFkrh@yHkkF;hZ | IL4: izR;{k ykHkkF;hZ @ rkVkaph la[;k | IM4: rkanqG | IN4: elwjnkG | IO4: okVk.kk | IP4: gjHkjk | IQ4: eksgjh | IR4: gGn | IS4: fejph ikoMj | IT4: lks;kchu rsy | IU4: feB | IV4: Hkkftikyk | IW4: iqjd vkgkj | IX4: ykHkkFkhZ uqlkj gks.kjk [kpZ | IZ4: fnukad | JA4: okj | JB4: rif'ky | JC4: pkyq efg.;kph iVla[;k | JD4: nSfud mifLFkrh@yHkkF;hZ | JE4: izR;{k ykHkkF;hZ @ rkVkaph la[;k | JF4: rkanqG | JG4: elwjnkG | JH4: okVk.kk | JI4: gjHkjk | JJ4: eksgjh | JK4: gGn | JL4: fejph ikoMj | JM4: lks;kchu rsy | JN4: feB | JO4: Hkkftikyk | JP4: iqjd vkgkj | JQ4: ykHkkFkhZ uqlkj gks.kjk [kpZ | JT4: v- Ø- | JU4: oLrqps uko | JV4: ¼oxZ 5 ok ½ ekfxy f'kYyd oLrw ¼fd- xzW-½ | JW4: ¼oxZ 6 oh rs 8 oh ½ ekfxy f'kYyd oLrw ¼fd- xzW-½ | JX4: ,dq.k lkBk f'kYyd ¼ 5 oh oh rs 8 oh ½ | JY4: 'ksjk | KA4: v- Ø- | KB4: oLrqps uko | KC4: ¼oxZ 5 ok ½ ekfxy f'kYyd oLrw ¼fd- xzW-½ | KD4: izkIr lkfgR; | KE4: [kpZ rknqG | KF4: fo|kF;hZ la[;k | KG4: ¼oxZ 6 oh rs 8 oh ½ ekfxy f'kYyd oLrw ¼fd- xzW-½ | KH4: izkIr lkfgR; | KI4: [kpZ rknqG | KJ4: fo|kF;hZ la[;k
A5: cq/kokj | B5: 01/04/2026 | C5: 40 | D5: =C5 | E5: 12 | F5: 14 | G5: 10 | H5: =G5+F5+E5 | I5: cq/kokj | J5: 01/04/2026 | K5: =D5 | L5: =H5 | M5: =SUM(K5:L5) | N5: eVdh | Q5: 1 | R5: 01/04/2026 | S5: 135.8 | T5: 0 | U5: =S5+T5 | V5: =K5 | W5: 0.1 | X5: =V5*W5 | Y5: =U5-X5 | Z5: =Y5 | AA5: 1 | AB5: =R5 | AC5: 382 | AD5: 0 | AE5: =AC5+AD5 | AF5: =L5 | AG5: 0.15 | AH5: =AG5*AF5 | AI5: =AE5-AH5 | AJ5: =AI5 | AK5: =Z5+AJ5 | AM5: 1 | AN5: =AB5 | AO5: 18.18 | AP5: 0 | AQ5: =AO5+AP5 | AR5: 0 | AS5: 0.02 | AT5: =AR5*AS5 | AU5: =AQ5-AT5 | AV5: =AU5 | AW5: 1 | AX5: =AN5 | AY5: 33.48 | AZ5: 0 | BA5: =AY5+AZ5 | BB5: 0 | BC5: 0.03 | BD5: =BC5*BB5 | BE5: =BA5-BD5 | BF5: =BE5 | BG5: =AV5+BF5 | BI5: 1 | BJ5: =AX5 | BK5: 17.54 | BL5: 0 | BM5: =BK5+BL5 | BN5: 0 | BO5: 0.02 | BP5: =BN5*BO5 | BQ5: =BM5-BP5 | BR5: =BQ5 | BS5: 1 | BT5: =BJ5 | BU5: 33.51 | BV5: 0 | BW5: =BU5+BV5 | BX5: 0 | BY5: 0.03 | BZ5: =BY5*BX5 | CA5: =BW5-BZ5 | CB5: =CA5 | CC5: =BR5+CB5 | CE5: 1 | CF5: =BT5 | CG5: 18.36 | CH5: 0 | CI5: =CG5+CH5 | CJ5: =K5 | CK5: 0.02 | CL5: =CJ5*CK5 | CM5: =CI5-CL5 | CN5: =CM5 | CO5: 1 | CP5: =CF5 | CQ5: 32.62 | CR5: 0 | CS5: =CQ5+CR5 | CT5: =L5 | CU5: 0.03 | CV5: =CU5*CT5 | CW5: =CS5-CV5 | CX5: =CW5 | CY5: =CN5+CX5 | DA5: 1 | DB5: =CP5 | DC5: 0.631 | DD5: 0 | DE5: =DC5+DD5 | DF5: =K5 | DG5: 0.0001 | DH5: =DF5*DG5 | DI5: =DE5-DH5 | DJ5: =DI5 | DK5: 1 | DL5: =DB5 | DM5: 1.324 | DN5: 0 | DO5: =DM5+DN5 | DP5: =L5 | DQ5: 0.0003 | DR5: =DQ5*DP5 | DS5: =DO5-DR5 | DT5: =DS5 | DU5: =DJ5+DT5 | DW5: 1 | DX5: =DL5 | DY5: 0.933 | DZ5: 0 | EA5: =DY5+DZ5 | EB5: =K5 | EC5: 0.0002 | ED5: =EB5*EC5 | EE5: =EA5-ED5 | EF5: =EE5 | EG5: 1 | EH5: =DX5 | EI5: 2.128 | EJ5: 0 | EK5: =EI5+EJ5 | EL5: =L5 | EM5: 0.0006 | EN5: =EM5*EL5 | EO5: =EK5-EN5 | EP5: =EO5 | EQ5: =EF5+EP5 | ES5: 1 | ET5: =EH5 | EU5: 2.293 | EV5: 0 | EW5: =EU5+EV5 | EX5: =K5 | EY5: 0.002 | EZ5: =EX5*EY5 | FA5: =EW5-EZ5 | FB5: =FA5 | FC5: 1 | FD5: =ET5 | FE5: 8.496 | FF5: 0 | FG5: =FE5+FF5 | FH5: =L5 | FI5: 0.0025 | FJ5: =FI5*FH5 | FK5: =FG5-FJ5 | FL5: =FK5 | FM5: =FB5+FL5 | FO5: 1 | FP5: =FD5 | FQ5: 3.437 | FR5: 0 | FS5: =FQ5+FR5 | FT5: =K5 | FU5: 0.002 | FV5: =FT5*FU5 | FW5: =FS5-FV5 | FX5: =FW5 | FY5: 1 | FZ5: =FP5 | GA5: 14.493 | GB5: 0 | GC5: =GA5+GB5 | GD5: =L5 | GE5: 0.005 | GF5: =GE5*GD5 | GG5: =GC5-GF5 | GH5: =GG5 | GI5: =FX5+GH5 | GK5: 1 | GL5: =FZ5 | GM5: 4.438 | GN5: 0 | GO5: =GM5+GN5 | GP5: =K5 | GQ5: 0.005 | GR5: =GP5*GQ5 | GS5: =GO5-GR5 | GT5: =GS5 | GU5: 1 | GV5: =GL5 | GW5: 21.552 | GX5: 0 | GY5: =GW5+GX5 | GZ5: =L5 | HA5: 0.0075 | HB5: =HA5*GZ5 | HC5: =GY5-HB5 | HD5: =HC5 | HE5: =GT5+HD5 | HG5: 1 | HH5: =GV5 | HI5: =K5 | HJ5: 1 | HK5: =HI5*HJ5 | HL5: 0.89 | HM5: =HI5*HL5 | HN5: 0.7 | HO5: =HN5*HI5 | HP5: 2.59 | HQ5: =HI5*HP5 | HR5: 1 | HS5: 44933 | HT5: =L5 | HU5: 1.64 | HV5: =HT5*HU5 | HW5: 1.14 | HX5: =HT5*HW5 | HY5: 1.1 | HZ5: =HY5*HT5 | IA5: 3.88 | IB5: =HT5*IA5 | IC5: =HK5+HV5 | ID5: =HM5+HX5 | IE5: =HO5+HZ5 | IG5: =HH5 | IH5: xq:okj | II5: elqj nkG | IJ5: =C5 | IK5: =IJ5 | IL5: =K5 | IM5: =IL5*100 | IN5: =IL5*20 | IQ5: =IL5*0.3 | IR5: =IL5*0.4 | IS5: =IL5*1.5 | IT5: =IL5*5 | IU5: =IL5*2 | IV5: =IL5*2.08 | IX5: =IL5*2.08 | IZ5: =IG5 | JA5: xq:okj | JB5: elqj nkG | JC5: 45 | JD5: =JC5 | JE5: =L5 | JF5: =JE5*150 | JG5: =JE5*30 | JJ5: =JE5*0.25 | JK5: =JE5*0.4 | JL5: =JE5*2.5 | JM5: =JE5*7.5 | JN5: =JE5*4 | JO5: =JE5*3.11 | JQ5: =JE5*3.11 | JT5: 1 | JU5: 2 | JV5: 3 | JW5: 4 | JX5: 5 | JY5: 6 | KA5: 1 | KB5: 2 | KC5: 3 | KD5: 4 | KE5: 5 | KF5: 6 | KG5: 1 | KH5: 2 | KI5: 3 | KJ5: 4
A6: xq:okj | B6: 02/04/2026 | C6: 0 | D6: =C6 | E6: 0 | F6: 0 | G6: 0 | H6: =G6+F6+E6 | I6: xq:okj | J6: 02/04/2026 | K6: =D6 | L6: =H6 | M6: =SUM(K6:L6) | N6: elqj nkG | Q6: 2 | R6: 02/04/2026 | S6: =Z5 | T6: 0 | U6: =S6+T6 | V6: =K6 | W6: 0.1 | X6: =V6*W6 | Y6: =U6-X6 | Z6: =Y6 | AA6: 2 | AB6: =R6 | AC6: =AJ5 | AD6: 0 | AE6: =AC6+AD6 | AF6: =L6 | AG6: 0.15 | AH6: =AG6*AF6 | AI6: =AE6-AH6 | AJ6: =AI6 | AK6: =Z6+AJ6 | AM6: 2 | AN6: =AB6 | AO6: =AV5 | AP6: 0 | AQ6: =AO6+AP6 | AR6: 0 | AS6: 0.02 | AT6: =AR6*AS6 | AU6: =AQ6-AT6 | AV6: =AU6 | AW6: 2 | AX6: =AN6 | AY6: =BF5 | AZ6: 0 | BA6: =AY6+AZ6 | BB6: 0 | BC6: 0.03 | BD6: =BC6*BB6 | BE6: =BA6-BD6 | BF6: =BE6 | BG6: =AV6+BF6 | BI6: 2 | BJ6: =AX6 | BK6: =BR5 | BL6: 0 | BM6: =BK6+BL6 | BN6: =K6 | BO6: 0.02 | BP6: =BN6*BO6 | BQ6: =BM6-BP6 | BR6: =BQ6 | BS6: 2 | BT6: =BJ6 | BU6: =CB5 | BV6: 0 | BW6: =BU6+BV6 | BX6: =L6 | BY6: 0.03 | BZ6: =BY6*BX6 | CA6: =BW6-BZ6 | CB6: =CA6 | CC6: =BR6+CB6 | CE6: 2 | CF6: =BT6 | CG6: =CN5 | CH6: 0 | CI6: =CG6+CH6 | CJ6: 0 | CK6: 0.02 | CL6: =CJ6*CK6 | CM6: =CI6-CL6 | CN6: =CM6 | CO6: 2 | CP6: =CF6 | CQ6: =CX5 | CR6: 0 | CS6: =CQ6+CR6 | CT6: 0 | CU6: 0.03 | CV6: =CU6*CT6 | CW6: =CS6-CV6 | CX6: =CW6 | CY6: =CN6+CX6 | DA6: 2 | DB6: =CP6 | DC6: =DJ5 | DD6: 0 | DE6: =DC6+DD6 | DF6: =K6 | DG6: 0.0001 | DH6: =DF6*DG6 | DI6: =DE6-DH6 | DJ6: =DI6 | DK6: 2 | DL6: =DB6 | DM6: =DT5 | DN6: 0 | DO6: =DM6+DN6 | DP6: =L6 | DQ6: 0.0003 | DR6: =DQ6*DP6 | DS6: =DO6-DR6 | DT6: =DS6 | DU6: =DJ6+DT6 | DW6: 2 | DX6: =DL6 | DY6: =EF5 | DZ6: 0 | EA6: =DY6+DZ6 | EB6: =K6 | EC6: 0.0002 | ED6: =EB6*EC6 | EE6: =EA6-ED6 | EF6: =EE6 | EG6: 2 | EH6: =DX6 | EI6: =EP5 | EJ6: 0 | EK6: =EI6+EJ6 | EL6: =L6 | EM6: 0.0006 | EN6: =EM6*EL6 | EO6: =EK6-EN6 | EP6: =EO6 | EQ6: =EF6+EP6 | ES6: 2 | ET6: =EH6 | EU6: =FB5 | EV6: 0 | EW6: =EU6+EV6 | EX6: =K6 | EY6: 0.002 | EZ6: =EX6*EY6 | FA6: =EW6-EZ6 | FB6: =FA6 | FC6: 2 | FD6: =ET6 | FE6: =FL5 | FF6: 0 | FG6: =FE6+FF6 | FH6: =L6 | FI6: 0.0025 | FJ6: =FI6*FH6 | FK6: =FG6-FJ6 | FL6: =FK6 | FM6: =FB6+FL6 | FO6: 2 | FP6: =FD6 | FQ6: =FX5 | FR6: 0 | FS6: =FQ6+FR6 | FT6: =K6 | FU6: 0.002 | FV6: =FT6*FU6 | FW6: =FS6-FV6 | FX6: =FW6 | FY6: 2 | FZ6: =FP6 | GA6: =GH5 | GB6: 0 | GC6: =GA6+GB6 | GD6: =L6 | GE6: 0.005 | GF6: =GE6*GD6 | GG6: =GC6-GF6 | GH6: =GG6 | GI6: =FX6+GH6 | GK6: 2 | GL6: =FZ6 | GM6: =GT5 | GN6: 0 | GO6: =GM6+GN6 | GP6: =K6 | GQ6: 0.005 | GR6: =GP6*GQ6 | GS6: =GO6-GR6 | GT6: =GS6 | GU6: 2 | GV6: =GL6 | GW6: =HD5 | GX6: 0 | GY6: =GW6+GX6 | GZ6: =L6 | HA6: 0.0075 | HB6: =HA6*GZ6 | HC6: =GY6-HB6 | HD6: =HC6 | HE6: =GT6+HD6 | HG6: 2 | HH6: =GV6 | HI6: =K6 | HJ6: 1 | HK6: =HI6*HJ6 | HL6: 0.89 | HM6: =HI6*HL6 | HN6: 0.7 | HO6: =HN6*HI6 | HP6: 2.59 | HQ6: =HI6*HP6 | HR6: 2 | HS6: 44964 | HT6: =L6 | HU6: 1.64 | HV6: =HT6*HU6 | HW6: 1.14 | HX6: =HT6*HW6 | HY6: 1.1 | HZ6: =HY6*HT6 | IA6: 3.11 | IB6: =HT6*IA6 | IC6: =HK6+HV6 | ID6: =HM6+HX6 | IE6: =HO6+HZ6 | IG6: =HH6 | IH6: 'kqdzokj | II6: okVk.kk | IJ6: =IJ5 | IK6: =IJ6 | IL6: =K6 | IM6: =IL6*100 | IO6: =IL6*20 | IQ6: =IL6*0.3 | IR6: =IL6*0.4 | IS6: =IL6*1.5 | IT6: =IL6*5 | IU6: =IL6*2 | IV6: =IL6*2.08 | IX6: =IL6*2.08 | IZ6: =IG6 | JA6: 'kqdzokj | JB6: okVk.kk | JC6: =JC5 | JD6: =JC6 | JE6: =L6 | JF6: =JE6*150 | JH6: =JE6*30 | JJ6: =JE6*0.25 | JK6: =JE6*0.4 | JL6: =JE6*2.5 | JM6: =JE6*7.5 | JN6: =JE6*4 | JO6: =JE6*3.11 | JQ6: =JE6*3.11 | JT6: 1 | JU6: rkanqG | JV6: =Z35 | JW6: =AJ35 | JX6: =SUM(JV6:JW6) | KA6: 1 | KB6: rkanqG | KC6: =JV6 | KD6: =T36 | KE6: =X36 | KF6: =V36 | KG6: =JW6 | KH6: =AD36 | KI6: =AH36 | KJ6: =AF36
A7: 'kqdzokj | B7: 03/04/2026 | C7: 0 | D7: =C7 | E7: 0 | F7: 0 | G7: 0 | H7: =G7+F7+E7 | I7: 'kqdzokj | J7: 03/04/2026 | K7: =D7 | L7: =H7 | M7: =SUM(K7:L7) | N7: poGh | Q7: 3 | R7: 03/04/2026 | S7: =Z6 | T7: 0 | U7: =S7+T7 | V7: =K7 | W7: 0.1 | X7: =V7*W7 | Y7: =U7-X7 | Z7: =Y7 | AA7: 3 | AB7: =R7 | AC7: =AJ6 | AD7: 0 | AE7: =AC7+AD7 | AF7: =L7 | AG7: 0.15 | AH7: =AG7*AF7 | AI7: =AE7-AH7 | AJ7: =AI7 | AK7: =Z7+AJ7 | AM7: 3 | AN7: =AB7 | AO7: =AV6 | AP7: 0 | AQ7: =AO7+AP7 | AR7: 0 | AS7: 0.02 | AT7: =AR7*AS7 | AU7: =AQ7-AT7 | AV7: =AU7 | AW7: 3 | AX7: =AN7 | AY7: =BF6 | AZ7: 0 | BA7: =AY7+AZ7 | BB7: 0 | BC7: 0.03 | BD7: =BC7*BB7 | BE7: =BA7-BD7 | BF7: =BE7 | BG7: =AV7+BF7 | BI7: 3 | BJ7: =AX7 | BK7: =BR6 | BL7: 0 | BM7: =BK7+BL7 | BN7: 0 | BO7: 0.02 | BP7: =BN7*BO7 | BQ7: =BM7-BP7 | BR7: =BQ7 | BS7: 3 | BT7: =BJ7 | BU7: =CB6 | BV7: 0 | BW7: =BU7+BV7 | BX7: 0 | BY7: 0.03 | BZ7: =BY7*BX7 | CA7: =BW7-BZ7 | CB7: =CA7 | CC7: =BR7+CB7 | CE7: 3 | CF7: =BT7 | CG7: =CN6 | CH7: 0 | CI7: =CG7+CH7 | CJ7: 0 | CK7: 0.02 | CL7: =CJ7*CK7 | CM7: =CI7-CL7 | CN7: =CM7 | CO7: 3 | CP7: =CF7 | CQ7: =CX6 | CR7: 0 | CS7: =CQ7+CR7 | CT7: 0 | CU7: 0.03 | CV7: =CU7*CT7 | CW7: =CS7-CV7 | CX7: =CW7 | CY7: =CN7+CX7 | DA7: 3 | DB7: =CP7 | DC7: =DJ6 | DD7: 0 | DE7: =DC7+DD7 | DF7: =K7 | DG7: 0.0001 | DH7: =DF7*DG7 | DI7: =DE7-DH7 | DJ7: =DI7 | DK7: 3 | DL7: =DB7 | DM7: =DT6 | DN7: 0 | DO7: =DM7+DN7 | DP7: =L7 | DQ7: 0.0003 | DR7: =DQ7*DP7 | DS7: =DO7-DR7 | DT7: =DS7 | DU7: =DJ7+DT7 | DW7: 3 | DX7: =DL7 | DY7: =EF6 | DZ7: 0 | EA7: =DY7+DZ7 | EB7: =K7 | EC7: 0.0002 | ED7: =EB7*EC7 | EE7: =EA7-ED7 | EF7: =EE7 | EG7: 3 | EH7: =DX7 | EI7: =EP6 | EJ7: 0 | EK7: =EI7+EJ7 | EL7: =L7 | EM7: 0.0006 | EN7: =EM7*EL7 | EO7: =EK7-EN7 | EP7: =EO7 | EQ7: =EF7+EP7 | ES7: 3 | ET7: =EH7 | EU7: =FB6 | EV7: 0 | EW7: =EU7+EV7 | EX7: =K7 | EY7: 0.002 | EZ7: =EX7*EY7 | FA7: =EW7-EZ7 | FB7: =FA7 | FC7: 3 | FD7: =ET7 | FE7: =FL6 | FF7: 0 | FG7: =FE7+FF7 | FH7: =L7 | FI7: 0.0025 | FJ7: =FI7*FH7 | FK7: =FG7-FJ7 | FL7: =FK7 | FM7: =FB7+FL7 | FO7: 3 | FP7: =FD7 | FQ7: =FX6 | FR7: 0 | FS7: =FQ7+FR7 | FT7: =K7 | FU7: 0.002 | FV7: =FT7*FU7 | FW7: =FS7-FV7 | FX7: =FW7 | FY7: 3 | FZ7: =FP7 | GA7: =GH6 | GB7: 0 | GC7: =GA7+GB7 | GD7: =L7 | GE7: 0.005 | GF7: =GE7*GD7 | GG7: =GC7-GF7 | GH7: =GG7 | GI7: =FX7+GH7 | GK7: 3 | GL7: =FZ7 | GM7: =GT6 | GN7: 0 | GO7: =GM7+GN7 | GP7: =K7 | GQ7: 0.005 | GR7: =GP7*GQ7 | GS7: =GO7-GR7 | GT7: =GS7 | GU7: 3 | GV7: =GL7 | GW7: =HD6 | GX7: 0 | GY7: =GW7+GX7 | GZ7: =L7 | HA7: 0.0075 | HB7: =HA7*GZ7 | HC7: =GY7-HB7 | HD7: =HC7 | HE7: =GT7+HD7 | HG7: 3 | HH7: =GV7 | HI7: =K7 | HJ7: 1 | HK7: =HI7*HJ7 | HL7: 0.89 | HM7: =HI7*HL7 | HN7: 0.7 | HO7: =HN7*HI7 | HP7: 2.59 | HQ7: =HI7*HP7 | HR7: 3 | HS7: 44992 | HT7: =L7 | HU7: 1.64 | HV7: =HT7*HU7 | HW7: 1.14 | HX7: =HT7*HW7 | HY7: 1.1 | HZ7: =HY7*HT7 | IA7: 3.11 | IB7: =HT7*IA7 | IC7: =HK7+HV7 | ID7: =HM7+HX7 | IE7: =HO7+HZ7 | IG7: =HH7 | IH7: 'kfuokj | II7: gjcjk | IJ7: =IJ6 | IK7: =IJ7 | IL7: =K7 | IM7: =IL7*100 | IP7: =IL7*20 | IQ7: =IL7*0.3 | IR7: =IL7*0.4 | IS7: =IL7*1.5 | IT7: =IL7*5 | IU7: =IL7*2 | IV7: =IL7*2.08 | IX7: =IL7*2.08 | IZ7: =IG7 | JA7: 'kfuokj | JB7: gjcjk | JC7: =JC6 | JD7: =JC7 | JE7: =L7 | JF7: =JE7*150 | JI7: =JE7*30 | JJ7: =JE7*0.25 | JK7: =JE7*0.4 | JL7: =JE7*2.5 | JM7: =JE7*7.5 | JN7: =JE7*4 | JO7: =JE7*3.11 | JQ7: =JE7*3.11 | JT7: 2 | KA7: 2 | KB7: eqxnkG | KC7: =JV7 | KD7: 0 | KE7: 0 | KF7: 0 | KG7: =JW7 | KH7: 0 | KI7: 0 | KJ7: 0
A8: 'kfuokj | B8: 04/04/2026 | C8: 0 | D8: =C8 | E8: 0 | F8: 0 | G8: 0 | H8: =G8+F8+E8 | I8: 'kfuokj | J8: 04/04/2026 | K8: =D8 | L8: =H8 | M8: =SUM(K8:L8) | N8: gjcjk | Q8: 4 | R8: 04/04/2026 | S8: =Z7 | T8: 0 | U8: =S8+T8 | V8: =K8 | W8: 0.1 | X8: =V8*W8 | Y8: =U8-X8 | Z8: =Y8 | AA8: 4 | AB8: =R8 | AC8: =AJ7 | AD8: 0 | AE8: =AC8+AD8 | AF8: =L8 | AG8: 0.15 | AH8: =AG8*AF8 | AI8: =AE8-AH8 | AJ8: =AI8 | AK8: =Z8+AJ8 | AM8: 4 | AN8: =AB8 | AO8: =AV7 | AP8: 0 | AQ8: =AO8+AP8 | AR8: =K8 | AS8: 0.02 | AT8: =AR8*AS8 | AU8: =AQ8-AT8 | AV8: =AU8 | AW8: 4 | AX8: =AN8 | AY8: =BF7 | AZ8: 0 | BA8: =AY8+AZ8 | BB8: =L8 | BC8: 0.03 | BD8: =BC8*BB8 | BE8: =BA8-BD8 | BF8: =BE8 | BG8: =AV8+BF8 | BI8: 4 | BJ8: =AX8 | BK8: =BR7 | BL8: 0 | BM8: =BK8+BL8 | BN8: 0 | BO8: 0.02 | BP8: =BN8*BO8 | BQ8: =BM8-BP8 | BR8: =BQ8 | BS8: 4 | BT8: =BJ8 | BU8: =CB7 | BV8: 0 | BW8: =BU8+BV8 | BX8: 0 | BY8: 0.03 | BZ8: =BY8*BX8 | CA8: =BW8-BZ8 | CB8: =CA8 | CC8: =BR8+CB8 | CE8: 4 | CF8: =BT8 | CG8: =CN7 | CH8: 0 | CI8: =CG8+CH8 | CJ8: 0 | CK8: 0.02 | CL8: =CJ8*CK8 | CM8: =CI8-CL8 | CN8: =CM8 | CO8: 4 | CP8: =CF8 | CQ8: =CX7 | CR8: 0 | CS8: =CQ8+CR8 | CT8: 0 | CU8: 0.03 | CV8: =CU8*CT8 | CW8: =CS8-CV8 | CX8: =CW8 | CY8: =CN8+CX8 | DA8: 4 | DB8: =CP8 | DC8: =DJ7 | DD8: 0 | DE8: =DC8+DD8 | DF8: =K8 | DG8: 0.0001 | DH8: =DF8*DG8 | DI8: =DE8-DH8 | DJ8: =DI8 | DK8: 4 | DL8: =DB8 | DM8: =DT7 | DN8: 0 | DO8: =DM8+DN8 | DP8: =L8 | DQ8: 0.0003 | DR8: =DQ8*DP8 | DS8: =DO8-DR8 | DT8: =DS8 | DU8: =DJ8+DT8 | DW8: 4 | DX8: =DL8 | DY8: =EF7 | DZ8: 0 | EA8: =DY8+DZ8 | EB8: =K8 | EC8: 0.0002 | ED8: =EB8*EC8 | EE8: =EA8-ED8 | EF8: =EE8 | EG8: 4 | EH8: =DX8 | EI8: =EP7 | EJ8: 0 | EK8: =EI8+EJ8 | EL8: =L8 | EM8: 0.0006 | EN8: =EM8*EL8 | EO8: =EK8-EN8 | EP8: =EO8 | EQ8: =EF8+EP8 | ES8: 4 | ET8: =EH8 | EU8: =FB7 | EV8: 0 | EW8: =EU8+EV8 | EX8: =K8 | EY8: 0.002 | EZ8: =EX8*EY8 | FA8: =EW8-EZ8 | FB8: =FA8 | FC8: 4 | FD8: =ET8 | FE8: =FL7 | FF8: 0 | FG8: =FE8+FF8 | FH8: =L8 | FI8: 0.0025 | FJ8: =FI8*FH8 | FK8: =FG8-FJ8 | FL8: =FK8 | FM8: =FB8+FL8 | FO8: 4 | FP8: =FD8 | FQ8: =FX7 | FR8: 0 | FS8: =FQ8+FR8 | FT8: =K8 | FU8: 0.002 | FV8: =FT8*FU8 | FW8: =FS8-FV8 | FX8: =FW8 | FY8: 4 | FZ8: =FP8 | GA8: =GH7 | GB8: 0 | GC8: =GA8+GB8 | GD8: =L8 | GE8: 0.005 | GF8: =GE8*GD8 | GG8: =GC8-GF8 | GH8: =GG8 | GI8: =FX8+GH8 | GK8: 4 | GL8: =FZ8 | GM8: =GT7 | GN8: 0 | GO8: =GM8+GN8 | GP8: =K8 | GQ8: 0.005 | GR8: =GP8*GQ8 | GS8: =GO8-GR8 | GT8: =GS8 | GU8: 4 | GV8: =GL8 | GW8: =HD7 | GX8: 0 | GY8: =GW8+GX8 | GZ8: =L8 | HA8: 0.0075 | HB8: =HA8*GZ8 | HC8: =GY8-HB8 | HD8: =HC8 | HE8: =GT8+HD8 | HG8: 4 | HH8: =GV8 | HI8: =K8 | HJ8: 1 | HK8: =HI8*HJ8 | HL8: 0.89 | HM8: =HI8*HL8 | HN8: 0.7 | HO8: =HN8*HI8 | HP8: 2.59 | HQ8: =HI8*HP8 | HR8: 4 | HS8: 45023 | HT8: =L8 | HU8: 1.64 | HV8: =HT8*HU8 | HW8: 1.14 | HX8: =HT8*HW8 | HY8: 1.1 | HZ8: =HY8*HT8 | IA8: 3.11 | IB8: =HT8*IA8 | IC8: =HK8+HV8 | ID8: =HM8+HX8 | IE8: =HO8+HZ8 | IG8: =HH8 | IH8: jfookj | IJ8: =IJ7 | IK8: =IJ8 | IL8: =K8 | IM8: =IL8*100 | IN8: =IL8*20 | IQ8: =IL8*0.3 | IR8: =IL8*0.4 | IS8: =IL8*1.5 | IT8: =IL8*5 | IU8: =IL8*2 | IV8: =IL8*2.08 | IX8: =IL8*2.08 | IZ8: =IG8 | JA8: jfookj | JC8: =JC7 | JD8: =JC8 | JE8: =L8 | JF8: =JE8*150 | JG8: =JE8*30 | JJ8: =JE8*0.25 | JK8: =JE8*0.4 | JL8: =JE8*2.5 | JM8: =JE8*7.5 | JN8: =JE8*4 | JO8: =JE8*3.11 | JQ8: =JE8*3.11 | JT8: 3 | JU8: elqjnkG | JV8: =BR35 | JW8: =CB35 | JX8: =SUM(JV8:JW8) | KA8: 3 | KB8: elqjnkG | KC8: =JV8 | KD8: =BL36 | KE8: =BP36 | KG8: =JW8 | KH8: =BV36 | KI8: =BZ36
A9: jfookj | B9: 05/04/2026 | C9: 0 | D9: =C9 | E9: 0 | F9: 0 | G9: 0 | H9: =G9+F9+E9 | I9: jfookj | J9: 05/04/2026 | K9: =D9 | L9: =H9 | M9: =SUM(K9:L9) | Q9: 5 | R9: 05/04/2026 | S9: =Z8 | T9: 0 | U9: =S9+T9 | V9: =K9 | W9: 0.1 | X9: =V9*W9 | Y9: =U9-X9 | Z9: =Y9 | AA9: 5 | AB9: =R9 | AC9: =AJ8 | AD9: 0 | AE9: =AC9+AD9 | AF9: =L9 | AG9: 0.15 | AH9: =AG9*AF9 | AI9: =AE9-AH9 | AJ9: =AI9 | AK9: =Z9+AJ9 | AM9: 5 | AN9: =AB9 | AO9: =AV8 | AP9: 0 | AQ9: =AO9+AP9 | AR9: 0 | AS9: 0.02 | AT9: =AR9*AS9 | AU9: =AQ9-AT9 | AV9: =AU9 | AW9: 5 | AX9: =AN9 | AY9: =BF8 | AZ9: 0 | BA9: =AY9+AZ9 | BB9: 0 | BC9: 0.03 | BD9: =BC9*BB9 | BE9: =BA9-BD9 | BF9: =BE9 | BG9: =AV9+BF9 | BI9: 5 | BJ9: =AX9 | BK9: =BR8 | BL9: 0 | BM9: =BK9+BL9 | BN9: 0 | BO9: 0.02 | BP9: =BN9*BO9 | BQ9: =BM9-BP9 | BR9: =BQ9 | BS9: 5 | BT9: =BJ9 | BU9: =CB8 | BV9: 0 | BW9: =BU9+BV9 | BX9: 0 | BY9: 0.03 | BZ9: =BY9*BX9 | CA9: =BW9-BZ9 | CB9: =CA9 | CC9: =BR9+CB9 | CE9: 5 | CF9: =BT9 | CG9: =CN8 | CH9: 0 | CI9: =CG9+CH9 | CJ9: 0 | CK9: 0.02 | CL9: =CJ9*CK9 | CM9: =CI9-CL9 | CN9: =CM9 | CO9: 5 | CP9: =CF9 | CQ9: =CX8 | CR9: 0 | CS9: =CQ9+CR9 | CT9: 0 | CU9: 0.03 | CV9: =CU9*CT9 | CW9: =CS9-CV9 | CX9: =CW9 | CY9: =CN9+CX9 | DA9: 5 | DB9: =CP9 | DC9: =DJ8 | DD9: 0 | DE9: =DC9+DD9 | DF9: =K9 | DG9: 0.0001 | DH9: =DF9*DG9 | DI9: =DE9-DH9 | DJ9: =DI9 | DK9: 5 | DL9: =DB9 | DM9: =DT8 | DN9: 0 | DO9: =DM9+DN9 | DP9: =L9 | DQ9: 0.0003 | DR9: =DQ9*DP9 | DS9: =DO9-DR9 | DT9: =DS9 | DU9: =DJ9+DT9 | DW9: 5 | DX9: =DL9 | DY9: =EF8 | DZ9: 0 | EA9: =DY9+DZ9 | EB9: =K9 | EC9: 0.0002 | ED9: =EB9*EC9 | EE9: =EA9-ED9 | EF9: =EE9 | EG9: 5 | EH9: =DX9 | EI9: =EP8 | EJ9: 0 | EK9: =EI9+EJ9 | EL9: =L9 | EM9: 0.0006 | EN9: =EM9*EL9 | EO9: =EK9-EN9 | EP9: =EO9 | EQ9: =EF9+EP9 | ES9: 5 | ET9: =EH9 | EU9: =FB8 | EV9: 0 | EW9: =EU9+EV9 | EX9: =K9 | EY9: 0.002 | EZ9: =EX9*EY9 | FA9: =EW9-EZ9 | FB9: =FA9 | FC9: 5 | FD9: =ET9 | FE9: =FL8 | FF9: 0 | FG9: =FE9+FF9 | FH9: =L9 | FI9: 0.0025 | FJ9: =FI9*FH9 | FK9: =FG9-FJ9 | FL9: =FK9 | FM9: =FB9+FL9 | FO9: 5 | FP9: =FD9 | FQ9: =FX8 | FR9: 0 | FS9: =FQ9+FR9 | FT9: =K9 | FU9: 0.002 | FV9: =FT9*FU9 | FW9: =FS9-FV9 | FX9: =FW9 | FY9: 5 | FZ9: =FP9 | GA9: =GH8 | GB9: 0 | GC9: =GA9+GB9 | GD9: =L9 | GE9: 0.005 | GF9: =GE9*GD9 | GG9: =GC9-GF9 | GH9: =GG9 | GI9: =FX9+GH9 | GK9: 5 | GL9: =FZ9 | GM9: =GT8 | GN9: 0 | GO9: =GM9+GN9 | GP9: =K9 | GQ9: 0.005 | GR9: =GP9*GQ9 | GS9: =GO9-GR9 | GT9: =GS9 | GU9: 5 | GV9: =GL9 | GW9: =HD8 | GX9: 0 | GY9: =GW9+GX9 | GZ9: =L9 | HA9: 0.0075 | HB9: =HA9*GZ9 | HC9: =GY9-HB9 | HD9: =HC9 | HE9: =GT9+HD9 | HG9: 5 | HH9: =GV9 | HI9: =K9 | HJ9: 1 | HK9: =HI9*HJ9 | HL9: 0.89 | HM9: =HI9*HL9 | HN9: 0.7 | HO9: =HN9*HI9 | HP9: 2.59 | HQ9: =HI9*HP9 | HR9: 5 | HS9: 45053 | HT9: =L9 | HU9: 1.64 | HV9: =HT9*HU9 | HW9: 1.14 | HX9: =HT9*HW9 | HY9: 1.1 | HZ9: =HY9*HT9 | IA9: 3.11 | IB9: =HT9*IA9 | IC9: =HK9+HV9 | ID9: =HM9+HX9 | IE9: =HO9+HZ9 | IG9: =HH9 | IH9: lkseokj | II9: elqj nkG | IJ9: =IJ8 | IK9: =IJ9 | IL9: =K9 | IM9: =IL9*100 | IN9: =IL9*20 | IQ9: =IL9*0.3 | IR9: =IL9*0.4 | IS9: =IL9*1.5 | IT9: =IL9*5 | IU9: =IL9*2 | IV9: =IL9*2.08 | IX9: =IL9*2.08 | IZ9: =IG9 | JA9: lkseokj | JB9: elqj nkG | JC9: =JC8 | JD9: =JC9 | JE9: =L9 | JF9: =JE9*150 | JG9: =JE9*30 | JJ9: =JE9*0.25 | JK9: =JE9*0.4 | JL9: =JE9*2.5 | JM9: =JE9*7.5 | JN9: =JE9*4 | JO9: =JE9*3.11 | JQ9: =JE9*3.11 | JT9: 4 | JU9: eVdh@ poGh | JV9: =CN35 | JW9: =CX35 | JX9: =SUM(JV9:JW9) | KA9: 4 | KB9: gjHkjk | KC9: =JV9 | KD9: =CH36 | KE9: =CL36 | KG9: =JW9 | KH9: =CR36 | KI9: =CV36
A10: lkseokj | B10: 06/04/2026 | C10: 0 | D10: =C10 | E10: 0 | F10: 0 | G10: 0 | H10: =G10+F10+E10 | I10: lkseokj | J10: 06/04/2026 | K10: =D10 | L10: =H10 | M10: =SUM(K10:L10) | N10: elqj nkG | Q10: 6 | R10: 06/04/2026 | S10: =Z9 | T10: 0 | U10: =S10+T10 | V10: =K10 | W10: 0.1 | X10: =V10*W10 | Y10: =U10-X10 | Z10: =Y10 | AA10: 6 | AB10: =R10 | AC10: =AJ9 | AD10: 0 | AE10: =AC10+AD10 | AF10: =L10 | AG10: 0.15 | AH10: =AG10*AF10 | AI10: =AE10-AH10 | AJ10: =AI10 | AK10: =Z10+AJ10 | AM10: 6 | AN10: =AB10 | AO10: =AV9 | AP10: 0 | AQ10: =AO10+AP10 | AR10: 0 | AS10: 0.02 | AT10: =AR10*AS10 | AU10: =AQ10-AT10 | AV10: =AU10 | AW10: 6 | AX10: =AN10 | AY10: =BF9 | AZ10: 0 | BA10: =AY10+AZ10 | BB10: 0 | BC10: 0.03 | BD10: =BC10*BB10 | BE10: =BA10-BD10 | BF10: =BE10 | BG10: =AV10+BF10 | BI10: 6 | BJ10: =AX10 | BK10: =BR9 | BL10: 0 | BM10: =BK10+BL10 | BN10: =K10 | BO10: 0.02 | BP10: =BN10*BO10 | BQ10: =BM10-BP10 | BR10: =BQ10 | BS10: 6 | BT10: =BJ10 | BU10: =CB9 | BV10: 0 | BW10: =BU10+BV10 | BX10: =L10 | BY10: 0.03 | BZ10: =BY10*BX10 | CA10: =BW10-BZ10 | CB10: =CA10 | CC10: =BR10+CB10 | CE10: 6 | CF10: =BT10 | CG10: =CN9 | CH10: 0 | CI10: =CG10+CH10 | CJ10: 0 | CK10: 0.02 | CL10: =CJ10*CK10 | CM10: =CI10-CL10 | CN10: =CM10 | CO10: 6 | CP10: =CF10 | CQ10: =CX9 | CR10: 0 | CS10: =CQ10+CR10 | CT10: 0 | CU10: 0.03 | CV10: =CU10*CT10 | CW10: =CS10-CV10 | CX10: =CW10 | CY10: =CN10+CX10 | DA10: 6 | DB10: =CP10 | DC10: =DJ9 | DD10: 0 | DE10: =DC10+DD10 | DF10: =K10 | DG10: 0.0001 | DH10: =DF10*DG10 | DI10: =DE10-DH10 | DJ10: =DI10 | DK10: 6 | DL10: =DB10 | DM10: =DT9 | DN10: 0 | DO10: =DM10+DN10 | DP10: =L10 | DQ10: 0.0003 | DR10: =DQ10*DP10 | DS10: =DO10-DR10 | DT10: =DS10 | DU10: =DJ10+DT10 | DW10: 6 | DX10: =DL10 | DY10: =EF9 | DZ10: 0 | EA10: =DY10+DZ10 | EB10: =K10 | EC10: 0.0002 | ED10: =EB10*EC10 | EE10: =EA10-ED10 | EF10: =EE10 | EG10: 6 | EH10: =DX10 | EI10: =EP9 | EJ10: 0 | EK10: =EI10+EJ10 | EL10: =L10 | EM10: 0.0006 | EN10: =EM10*EL10 | EO10: =EK10-EN10 | EP10: =EO10 | EQ10: =EF10+EP10 | ES10: 6 | ET10: =EH10 | EU10: =FB9 | EV10: 0 | EW10: =EU10+EV10 | EX10: =K10 | EY10: 0.002 | EZ10: =EX10*EY10 | FA10: =EW10-EZ10 | FB10: =FA10 | FC10: 6 | FD10: =ET10 | FE10: =FL9 | FF10: 0 | FG10: =FE10+FF10 | FH10: =L10 | FI10: 0.0025 | FJ10: =FI10*FH10 | FK10: =FG10-FJ10 | FL10: =FK10 | FM10: =FB10+FL10 | FO10: 6 | FP10: =FD10 | FQ10: =FX9 | FR10: 0 | FS10: =FQ10+FR10 | FT10: =K10 | FU10: 0.002 | FV10: =FT10*FU10 | FW10: =FS10-FV10 | FX10: =FW10 | FY10: 6 | FZ10: =FP10 | GA10: =GH9 | GB10: 0 | GC10: =GA10+GB10 | GD10: =L10 | GE10: 0.005 | GF10: =GE10*GD10 | GG10: =GC10-GF10 | GH10: =GG10 | GI10: =FX10+GH10 | GK10: 6 | GL10: =FZ10 | GM10: =GT9 | GN10: 0 | GO10: =GM10+GN10 | GP10: =K10 | GQ10: 0.005 | GR10: =GP10*GQ10 | GS10: =GO10-GR10 | GT10: =GS10 | GU10: 6 | GV10: =GL10 | GW10: =HD9 | GX10: 0 | GY10: =GW10+GX10 | GZ10: =L10 | HA10: 0.0075 | HB10: =HA10*GZ10 | HC10: =GY10-HB10 | HD10: =HC10 | HE10: =GT10+HD10 | HG10: 6 | HH10: =GV10 | HI10: =K10 | HJ10: 1 | HK10: =HI10*HJ10 | HL10: 0.89 | HM10: =HI10*HL10 | HN10: 0.7 | HO10: =HN10*HI10 | HP10: 2.59 | HQ10: =HI10*HP10 | HR10: 6 | HS10: 45084 | HT10: =L10 | HU10: 1.64 | HV10: =HT10*HU10 | HW10: 1.14 | HX10: =HT10*HW10 | HY10: 1.1 | HZ10: =HY10*HT10 | IA10: 3.11 | IB10: =HT10*IA10 | IC10: =HK10+HV10 | ID10: =HM10+HX10 | IE10: =HO10+HZ10 | IG10: =HH10 | IH10: eaxGokj | II10: okVk.kk | IJ10: =IJ9 | IK10: =IJ10 | IL10: =K10 | IM10: =IL10*100 | IO10: =IL10*20 | IQ10: =IL10*0.3 | IR10: =IL10*0.4 | IS10: =IL10*1.5 | IT10: =IL10*5 | IU10: =IL10*2 | IV10: =IL10*2.08 | IX10: =IL10*2.08 | IZ10: =IG10 | JA10: eaxGokj | JB10: okVk.kk | JC10: =JC9 | JD10: =JC10 | JE10: =L10 | JF10: =JE10*150 | JH10: =JE10*30 | JJ10: =JE10*0.25 | JK10: =JE10*0.4 | JL10: =JE10*2.5 | JM10: =JE10*7.5 | JN10: =JE10*4 | JO10: =JE10*3.11 | JQ10: =JE10*3.11 | JT10: 5 | JU10: gjcjk | JV10: =AV35 | JW10: =BF35 | JX10: =SUM(JV10:JW10) | KA10: 5 | KB10: okVk.kk | KC10: =JV10 | KD10: =AP36 | KE10: =AT36 | KG10: =JW10 | KH10: =AZ36 | KI10: =BD36
A11: eaxGokj | B11: 07/04/2026 | C11: 0 | D11: =C11 | E11: 0 | F11: 0 | G11: 0 | H11: =G11+F11+E11 | I11: eaxGokj | J11: 07/04/2026 | K11: =D11 | L11: =H11 | M11: =SUM(K11:L11) | N11: gjcjk | Q11: 7 | R11: 07/04/2026 | S11: =Z10 | T11: 0 | U11: =S11+T11 | V11: =K11 | W11: 0.1 | X11: =V11*W11 | Y11: =U11-X11 | Z11: =Y11 | AA11: 7 | AB11: =R11 | AC11: =AJ10 | AD11: 0 | AE11: =AC11+AD11 | AF11: =L11 | AG11: 0.15 | AH11: =AG11*AF11 | AI11: =AE11-AH11 | AJ11: =AI11 | AK11: =Z11+AJ11 | AM11: 7 | AN11: =AB11 | AO11: =AV10 | AP11: 0 | AQ11: =AO11+AP11 | AR11: =K11 | AS11: 0.02 | AT11: =AR11*AS11 | AU11: =AQ11-AT11 | AV11: =AU11 | AW11: 7 | AX11: =AN11 | AY11: =BF10 | AZ11: 0 | BA11: =AY11+AZ11 | BB11: =L11 | BC11: 0.03 | BD11: =BC11*BB11 | BE11: =BA11-BD11 | BF11: =BE11 | BG11: =AV11+BF11 | BI11: 7 | BJ11: =AX11 | BK11: =BR10 | BL11: 0 | BM11: =BK11+BL11 | BN11: 0 | BO11: 0.02 | BP11: =BN11*BO11 | BQ11: =BM11-BP11 | BR11: =BQ11 | BS11: 7 | BT11: =BJ11 | BU11: =CB10 | BV11: 0 | BW11: =BU11+BV11 | BX11: 0 | BY11: 0.03 | BZ11: =BY11*BX11 | CA11: =BW11-BZ11 | CB11: =CA11 | CC11: =BR11+CB11 | CE11: 7 | CF11: =BT11 | CG11: =CN10 | CH11: 0 | CI11: =CG11+CH11 | CJ11: 0 | CK11: 0.02 | CL11: =CJ11*CK11 | CM11: =CI11-CL11 | CN11: =CM11 | CO11: 7 | CP11: =CF11 | CQ11: =CX10 | CR11: 0 | CS11: =CQ11+CR11 | CT11: 0 | CU11: 0.03 | CV11: =CU11*CT11 | CW11: =CS11-CV11 | CX11: =CW11 | CY11: =CN11+CX11 | DA11: 7 | DB11: =CP11 | DC11: =DJ10 | DD11: 0 | DE11: =DC11+DD11 | DF11: =K11 | DG11: 0.0001 | DH11: =DF11*DG11 | DI11: =DE11-DH11 | DJ11: =DI11 | DK11: 7 | DL11: =DB11 | DM11: =DT10 | DN11: 0 | DO11: =DM11+DN11 | DP11: =L11 | DQ11: 0.0003 | DR11: =DQ11*DP11 | DS11: =DO11-DR11 | DT11: =DS11 | DU11: =DJ11+DT11 | DW11: 7 | DX11: =DL11 | DY11: =EF10 | DZ11: 0 | EA11: =DY11+DZ11 | EB11: =K11 | EC11: 0.0002 | ED11: =EB11*EC11 | EE11: =EA11-ED11 | EF11: =EE11 | EG11: 7 | EH11: =DX11 | EI11: =EP10 | EJ11: 0 | EK11: =EI11+EJ11 | EL11: =L11 | EM11: 0.0006 | EN11: =EM11*EL11 | EO11: =EK11-EN11 | EP11: =EO11 | EQ11: =EF11+EP11 | ES11: 7 | ET11: =EH11 | EU11: =FB10 | EV11: 0 | EW11: =EU11+EV11 | EX11: =K11 | EY11: 0.002 | EZ11: =EX11*EY11 | FA11: =EW11-EZ11 | FB11: =FA11 | FC11: 7 | FD11: =ET11 | FE11: =FL10 | FF11: 0 | FG11: =FE11+FF11 | FH11: =L11 | FI11: 0.0025 | FJ11: =FI11*FH11 | FK11: =FG11-FJ11 | FL11: =FK11 | FM11: =FB11+FL11 | FO11: 7 | FP11: =FD11 | FQ11: =FX10 | FR11: 0 | FS11: =FQ11+FR11 | FT11: =K11 | FU11: 0.002 | FV11: =FT11*FU11 | FW11: =FS11-FV11 | FX11: =FW11 | FY11: 7 | FZ11: =FP11 | GA11: =GH10 | GB11: 0 | GC11: =GA11+GB11 | GD11: =L11 | GE11: 0.005 | GF11: =GE11*GD11 | GG11: =GC11-GF11 | GH11: =GG11 | GI11: =FX11+GH11 | GK11: 7 | GL11: =FZ11 | GM11: =GT10 | GN11: 0 | GO11: =GM11+GN11 | GP11: =K11 | GQ11: 0.005 | GR11: =GP11*GQ11 | GS11: =GO11-GR11 | GT11: =GS11 | GU11: 7 | GV11: =GL11 | GW11: =HD10 | GX11: 0 | GY11: =GW11+GX11 | GZ11: =L11 | HA11: 0.0075 | HB11: =HA11*GZ11 | HC11: =GY11-HB11 | HD11: =HC11 | HE11: =GT11+HD11 | HG11: 7 | HH11: =GV11 | HI11: =K11 | HJ11: 1 | HK11: =HI11*HJ11 | HL11: 0.89 | HM11: =HI11*HL11 | HN11: 0.7 | HO11: =HN11*HI11 | HP11: 2.59 | HQ11: =HI11*HP11 | HR11: 7 | HS11: 45114 | HT11: =L11 | HU11: 1.64 | HV11: =HT11*HU11 | HW11: 1.14 | HX11: =HT11*HW11 | HY11: 1.1 | HZ11: =HY11*HT11 | IA11: 3.11 | IB11: =HT11*IA11 | IC11: =HK11+HV11 | ID11: =HM11+HX11 | IE11: =HO11+HZ11 | IG11: =HH11 | IH11: cq/kokj | II11: gjcjk | IJ11: =IJ10 | IK11: =IJ11 | IL11: =K11 | IM11: =IL11*100 | IP11: =IL11*20 | IQ11: =IL11*0.3 | IR11: =IL11*0.4 | IS11: =IL11*1.5 | IT11: =IL11*5 | IU11: =IL11*2 | IV11: =IL11*2.08 | IX11: =IL11*2.08 | IZ11: =IG11 | JA11: cq/kokj | JB11: gjcjk | JC11: =JC10 | JD11: =JC11 | JE11: =L11 | JF11: =JE11*150 | JI11: =JE11*30 | JJ11: =JE11*0.25 | JK11: =JE11*0.4 | JL11: =JE11*2.5 | JM11: =JE11*7.5 | JN11: =JE11*4 | JO11: =JE11*3.11 | JQ11: =JE11*3.11 | JT11: 6 | JU11: eksgjh | JV11: =DJ35 | JW11: =DT35 | JX11: =SUM(JV11:JW11) | KA11: 6 | KB11: eksgjh | KC11: =JV11 | KD11: =DD36 | KE11: =DH36 | KG11: =JW11 | KH11: =DN36 | KI11: =DR36
A12: cq/kokj | B12: 08/04/2026 | C12: 0 | D12: =C12 | E12: 0 | F12: 0 | G12: 0 | H12: =G12+F12+E12 | I12: cq/kokj | J12: 08/04/2026 | K12: =D12 | L12: =H12 | M12: =SUM(K12:L12) | N12: eVdh | Q12: 8 | R12: 08/04/2026 | S12: =Z11 | T12: 0 | U12: =S12+T12 | V12: =K12 | W12: 0.1 | X12: =V12*W12 | Y12: =U12-X12 | Z12: =Y12 | AA12: 8 | AB12: =R12 | AC12: =AJ11 | AD12: 0 | AE12: =AC12+AD12 | AF12: =L12 | AG12: 0.15 | AH12: =AG12*AF12 | AI12: =AE12-AH12 | AJ12: =AI12 | AK12: =Z12+AJ12 | AM12: 8 | AN12: =AB12 | AO12: =AV11 | AP12: 0 | AQ12: =AO12+AP12 | AR12: 0 | AS12: 0.02 | AT12: =AR12*AS12 | AU12: =AQ12-AT12 | AV12: =AU12 | AW12: 8 | AX12: =AN12 | AY12: =BF11 | AZ12: 0 | BA12: =AY12+AZ12 | BB12: 0 | BC12: 0.03 | BD12: =BC12*BB12 | BE12: =BA12-BD12 | BF12: =BE12 | BG12: =AV12+BF12 | BI12: 8 | BJ12: =AX12 | BK12: =BR11 | BL12: 0 | BM12: =BK12+BL12 | BN12: 0 | BO12: 0.02 | BP12: =BN12*BO12 | BQ12: =BM12-BP12 | BR12: =BQ12 | BS12: 8 | BT12: =BJ12 | BU12: =CB11 | BV12: 0 | BW12: =BU12+BV12 | BX12: 0 | BY12: 0.03 | BZ12: =BY12*BX12 | CA12: =BW12-BZ12 | CB12: =CA12 | CC12: =BR12+CB12 | CE12: 8 | CF12: =BT12 | CG12: =CN11 | CH12: 0 | CI12: =CG12+CH12 | CJ12: =K12 | CK12: 0.02 | CL12: =CJ12*CK12 | CM12: =CI12-CL12 | CN12: =CM12 | CO12: 8 | CP12: =CF12 | CQ12: =CX11 | CR12: 0 | CS12: =CQ12+CR12 | CT12: =L12 | CU12: 0.03 | CV12: =CU12*CT12 | CW12: =CS12-CV12 | CX12: =CW12 | CY12: =CN12+CX12 | DA12: 8 | DB12: =CP12 | DC12: =DJ11 | DD12: 0 | DE12: =DC12+DD12 | DF12: =K12 | DG12: 0.0001 | DH12: =DF12*DG12 | DI12: =DE12-DH12 | DJ12: =DI12 | DK12: 8 | DL12: =DB12 | DM12: =DT11 | DN12: 0 | DO12: =DM12+DN12 | DP12: =L12 | DQ12: 0.0003 | DR12: =DQ12*DP12 | DS12: =DO12-DR12 | DT12: =DS12 | DU12: =DJ12+DT12 | DW12: 8 | DX12: =DL12 | DY12: =EF11 | DZ12: 0 | EA12: =DY12+DZ12 | EB12: =K12 | EC12: 0.0002 | ED12: =EB12*EC12 | EE12: =EA12-ED12 | EF12: =EE12 | EG12: 8 | EH12: =DX12 | EI12: =EP11 | EJ12: 0 | EK12: =EI12+EJ12 | EL12: =L12 | EM12: 0.0006 | EN12: =EM12*EL12 | EO12: =EK12-EN12 | EP12: =EO12 | EQ12: =EF12+EP12 | ES12: 8 | ET12: =EH12 | EU12: =FB11 | EV12: 0 | EW12: =EU12+EV12 | EX12: =K12 | EY12: 0.002 | EZ12: =EX12*EY12 | FA12: =EW12-EZ12 | FB12: =FA12 | FC12: 8 | FD12: =ET12 | FE12: =FL11 | FF12: 0 | FG12: =FE12+FF12 | FH12: =L12 | FI12: 0.0025 | FJ12: =FI12*FH12 | FK12: =FG12-FJ12 | FL12: =FK12 | FM12: =FB12+FL12 | FO12: 8 | FP12: =FD12 | FQ12: =FX11 | FR12: 0 | FS12: =FQ12+FR12 | FT12: =K12 | FU12: 0.002 | FV12: =FT12*FU12 | FW12: =FS12-FV12 | FX12: =FW12 | FY12: 8 | FZ12: =FP12 | GA12: =GH11 | GB12: 0 | GC12: =GA12+GB12 | GD12: =L12 | GE12: 0.005 | GF12: =GE12*GD12 | GG12: =GC12-GF12 | GH12: =GG12 | GI12: =FX12+GH12 | GK12: 8 | GL12: =FZ12 | GM12: =GT11 | GN12: 0 | GO12: =GM12+GN12 | GP12: =K12 | GQ12: 0.005 | GR12: =GP12*GQ12 | GS12: =GO12-GR12 | GT12: =GS12 | GU12: 8 | GV12: =GL12 | GW12: =HD11 | GX12: 0 | GY12: =GW12+GX12 | GZ12: =L12 | HA12: 0.0075 | HB12: =HA12*GZ12 | HC12: =GY12-HB12 | HD12: =HC12 | HE12: =GT12+HD12 | HG12: 8 | HH12: =GV12 | HI12: =K12 | HJ12: 1 | HK12: =HI12*HJ12 | HL12: 0.89 | HM12: =HI12*HL12 | HN12: 0.7 | HO12: =HN12*HI12 | HP12: 2.59 | HQ12: =HI12*HP12 | HR12: 8 | HS12: 45145 | HT12: =L12 | HU12: 1.64 | HV12: =HT12*HU12 | HW12: 1.14 | HX12: =HT12*HW12 | HY12: 1.1 | HZ12: =HY12*HT12 | IA12: 3.11 | IB12: =HT12*IA12 | IC12: =HK12+HV12 | ID12: =HM12+HX12 | IE12: =HO12+HZ12 | IG12: =HH12 | IH12: xq:okj | II12: elqj nkG | IJ12: =IJ11 | IK12: =IJ12 | IL12: =K12 | IM12: =IL12*100 | IN12: =IL12*20 | IQ12: =IL12*0.3 | IR12: =IL12*0.4 | IS12: =IL12*1.5 | IT12: =IL12*5 | IU12: =IL12*2 | IV12: =IL12*2.08 | IX12: =IL12*2.08 | IZ12: =IG12 | JA12: xq:okj | JB12: elqj nkG | JC12: =JC11 | JD12: =JC12 | JE12: =L12 | JF12: =JE12*150 | JG12: =JE12*30 | JJ12: =JE12*0.25 | JK12: =JE12*0.4 | JL12: =JE12*2.5 | JM12: =JE12*7.5 | JN12: =JE12*4 | JO12: =JE12*3.11 | JQ12: =JE12*3.11 | JT12: 6 | JV12: =DJ36 | JW12: =DT36 | JX12: =SUM(JV12:JW12) | KA12: 6 | KC12: =JV12 | KG12: =JW12
A13: xq:okj | B13: 09/04/2026 | C13: 0 | D13: =C13 | E13: 0 | F13: 0 | G13: 0 | H13: =G13+F13+E13 | I13: xq:okj | J13: 09/04/2026 | K13: =D13 | L13: =H13 | M13: =SUM(K13:L13) | N13: elqj nkG | Q13: 9 | R13: 09/04/2026 | S13: =Z12 | T13: 0 | U13: =S13+T13 | V13: =K13 | W13: 0.1 | X13: =V13*W13 | Y13: =U13-X13 | Z13: =Y13 | AA13: 9 | AB13: =R13 | AC13: =AJ12 | AD13: 0 | AE13: =AC13+AD13 | AF13: =L13 | AG13: 0.15 | AH13: =AG13*AF13 | AI13: =AE13-AH13 | AJ13: =AI13 | AK13: =Z13+AJ13 | AM13: 9 | AN13: =AB13 | AO13: =AV12 | AP13: 0 | AQ13: =AO13+AP13 | AR13: 0 | AS13: 0.02 | AT13: =AR13*AS13 | AU13: =AQ13-AT13 | AV13: =AU13 | AW13: 9 | AX13: =AN13 | AY13: =BF12 | AZ13: 0 | BA13: =AY13+AZ13 | BB13: 0 | BC13: 0.03 | BD13: =BC13*BB13 | BE13: =BA13-BD13 | BF13: =BE13 | BG13: =AV13+BF13 | BI13: 9 | BJ13: =AX13 | BK13: =BR12 | BL13: 0 | BM13: =BK13+BL13 | BN13: =K13 | BO13: 0.02 | BP13: =BN13*BO13 | BQ13: =BM13-BP13 | BR13: =BQ13 | BS13: 9 | BT13: =BJ13 | BU13: =CB12 | BV13: 0 | BW13: =BU13+BV13 | BX13: =L13 | BY13: 0.03 | BZ13: =BY13*BX13 | CA13: =BW13-BZ13 | CB13: =CA13 | CC13: =BR13+CB13 | CE13: 9 | CF13: =BT13 | CG13: =CN12 | CH13: 0 | CI13: =CG13+CH13 | CJ13: 0 | CK13: 0.02 | CL13: =CJ13*CK13 | CM13: =CI13-CL13 | CN13: =CM13 | CO13: 9 | CP13: =CF13 | CQ13: =CX12 | CR13: 0 | CS13: =CQ13+CR13 | CT13: 0 | CU13: 0.03 | CV13: =CU13*CT13 | CW13: =CS13-CV13 | CX13: =CW13 | CY13: =CN13+CX13 | DA13: 9 | DB13: =CP13 | DC13: =DJ12 | DD13: 0 | DE13: =DC13+DD13 | DF13: =K13 | DG13: 0.0001 | DH13: =DF13*DG13 | DI13: =DE13-DH13 | DJ13: =DI13 | DK13: 9 | DL13: =DB13 | DM13: =DT12 | DN13: 0 | DO13: =DM13+DN13 | DP13: =L13 | DQ13: 0.0003 | DR13: =DQ13*DP13 | DS13: =DO13-DR13 | DT13: =DS13 | DU13: =DJ13+DT13 | DW13: 9 | DX13: =DL13 | DY13: =EF12 | DZ13: 0 | EA13: =DY13+DZ13 | EB13: =K13 | EC13: 0.0002 | ED13: =EB13*EC13 | EE13: =EA13-ED13 | EF13: =EE13 | EG13: 9 | EH13: =DX13 | EI13: =EP12 | EJ13: 0 | EK13: =EI13+EJ13 | EL13: =L13 | EM13: 0.0006 | EN13: =EM13*EL13 | EO13: =EK13-EN13 | EP13: =EO13 | EQ13: =EF13+EP13 | ES13: 9 | ET13: =EH13 | EU13: =FB12 | EV13: 0 | EW13: =EU13+EV13 | EX13: =K13 | EY13: 0.002 | EZ13: =EX13*EY13 | FA13: =EW13-EZ13 | FB13: =FA13 | FC13: 9 | FD13: =ET13 | FE13: =FL12 | FF13: 0 | FG13: =FE13+FF13 | FH13: =L13 | FI13: 0.0025 | FJ13: =FI13*FH13 | FK13: =FG13-FJ13 | FL13: =FK13 | FM13: =FB13+FL13 | FO13: 9 | FP13: =FD13 | FQ13: =FX12 | FR13: 0 | FS13: =FQ13+FR13 | FT13: =K13 | FU13: 0.002 | FV13: =FT13*FU13 | FW13: =FS13-FV13 | FX13: =FW13 | FY13: 9 | FZ13: =FP13 | GA13: =GH12 | GB13: 0 | GC13: =GA13+GB13 | GD13: =L13 | GE13: 0.005 | GF13: =GE13*GD13 | GG13: =GC13-GF13 | GH13: =GG13 | GI13: =FX13+GH13 | GK13: 9 | GL13: =FZ13 | GM13: =GT12 | GN13: 0 | GO13: =GM13+GN13 | GP13: =K13 | GQ13: 0.005 | GR13: =GP13*GQ13 | GS13: =GO13-GR13 | GT13: =GS13 | GU13: 9 | GV13: =GL13 | GW13: =HD12 | GX13: 0 | GY13: =GW13+GX13 | GZ13: =L13 | HA13: 0.0075 | HB13: =HA13*GZ13 | HC13: =GY13-HB13 | HD13: =HC13 | HE13: =GT13+HD13 | HG13: 9 | HH13: =GV13 | HI13: =K13 | HJ13: 1 | HK13: =HI13*HJ13 | HL13: 0.89 | HM13: =HI13*HL13 | HN13: 0.7 | HO13: =HN13*HI13 | HP13: 2.59 | HQ13: =HI13*HP13 | HR13: 9 | HS13: 45176 | HT13: =L13 | HU13: 1.64 | HV13: =HT13*HU13 | HW13: 1.14 | HX13: =HT13*HW13 | HY13: 1.1 | HZ13: =HY13*HT13 | IA13: 3.11 | IB13: =HT13*IA13 | IC13: =HK13+HV13 | ID13: =HM13+HX13 | IE13: =HO13+HZ13 | IG13: =HH13 | IH13: 'kqdzokj | II13: okVk.kk | IJ13: =IJ12 | IK13: =IJ13 | IL13: =K13 | IM13: =IL13*100 | IO13: =IL13*20 | IQ13: =IL13*0.3 | IR13: =IL13*0.4 | IS13: =IL13*1.5 | IT13: =IL13*5 | IU13: =IL13*2 | IV13: =IL13*2.08 | IX13: =IL13*2.08 | IZ13: =IG13 | JA13: 'kqdzokj | JB13: okVk.kk | JC13: =JC12 | JD13: =JC13 | JE13: =L13 | JF13: =JE13*150 | JH13: =JE13*30 | JJ13: =JE13*0.25 | JK13: =JE13*0.4 | JL13: =JE13*2.5 | JM13: =JE13*7.5 | JN13: =JE13*4 | JO13: =JE13*3.11 | JQ13: =JE13*3.11 | JT13: 7 | JU13: gGn | JV13: =EF35 | JW13: =EP35 | JX13: =SUM(JV13:JW13) | KA13: 7 | KB13: gGn | KC13: =JV13 | KD13: =DZ36 | KE13: =ED36 | KG13: =JW13 | KH13: =EJ36 | KI13: =EN36
A14: 'kqdzokj | B14: 10/04/2026 | C14: 0 | D14: =C14 | E14: 0 | F14: 0 | G14: 0 | H14: =G14+F14+E14 | I14: 'kqdzokj | J14: 10/04/2026 | K14: =D14 | L14: =H14 | M14: =SUM(K14:L14) | N14: poGh | Q14: 10 | R14: 10/04/2026 | S14: =Z13 | T14: 0 | U14: =S14+T14 | V14: =K14 | W14: 0.1 | X14: =V14*W14 | Y14: =U14-X14 | Z14: =Y14 | AA14: 10 | AB14: =R14 | AC14: =AJ13 | AD14: 0 | AE14: =AC14+AD14 | AF14: =L14 | AG14: 0.15 | AH14: =AG14*AF14 | AI14: =AE14-AH14 | AJ14: =AI14 | AK14: =Z14+AJ14 | AM14: 10 | AN14: =AB14 | AO14: =AV13 | AP14: 0 | AQ14: =AO14+AP14 | AR14: 0 | AS14: 0.02 | AT14: =AR14*AS14 | AU14: =AQ14-AT14 | AV14: =AU14 | AW14: 10 | AX14: =AN14 | AY14: =BF13 | AZ14: 0 | BA14: =AY14+AZ14 | BB14: 0 | BC14: 0.03 | BD14: =BC14*BB14 | BE14: =BA14-BD14 | BF14: =BE14 | BG14: =AV14+BF14 | BI14: 10 | BJ14: =AX14 | BK14: =BR13 | BL14: 0 | BM14: =BK14+BL14 | BN14: 0 | BO14: 0.02 | BP14: =BN14*BO14 | BQ14: =BM14-BP14 | BR14: =BQ14 | BS14: 10 | BT14: =BJ14 | BU14: =CB13 | BV14: 0 | BW14: =BU14+BV14 | BX14: 0 | BY14: 0.03 | BZ14: =BY14*BX14 | CA14: =BW14-BZ14 | CB14: =CA14 | CC14: =BR14+CB14 | CE14: 10 | CF14: =BT14 | CG14: =CN13 | CH14: 0 | CI14: =CG14+CH14 | CJ14: =K14 | CK14: 0.02 | CL14: =CJ14*CK14 | CM14: =CI14-CL14 | CN14: =CM14 | CO14: 10 | CP14: =CF14 | CQ14: =CX13 | CR14: 0 | CS14: =CQ14+CR14 | CT14: =L14 | CU14: 0.03 | CV14: =CU14*CT14 | CW14: =CS14-CV14 | CX14: =CW14 | CY14: =CN14+CX14 | DA14: 10 | DB14: =CP14 | DC14: =DJ13 | DD14: 0 | DE14: =DC14+DD14 | DF14: =K14 | DG14: 0.0001 | DH14: =DF14*DG14 | DI14: =DE14-DH14 | DJ14: =DI14 | DK14: 10 | DL14: =DB14 | DM14: =DT13 | DN14: 0 | DO14: =DM14+DN14 | DP14: =L14 | DQ14: 0.0003 | DR14: =DQ14*DP14 | DS14: =DO14-DR14 | DT14: =DS14 | DU14: =DJ14+DT14 | DW14: 10 | DX14: =DL14 | DY14: =EF13 | DZ14: 0 | EA14: =DY14+DZ14 | EB14: =K14 | EC14: 0.0002 | ED14: =EB14*EC14 | EE14: =EA14-ED14 | EF14: =EE14 | EG14: 10 | EH14: =DX14 | EI14: =EP13 | EJ14: 0 | EK14: =EI14+EJ14 | EL14: =L14 | EM14: 0.0006 | EN14: =EM14*EL14 | EO14: =EK14-EN14 | EP14: =EO14 | EQ14: =EF14+EP14 | ES14: 10 | ET14: =EH14 | EU14: =FB13 | EV14: 0 | EW14: =EU14+EV14 | EX14: =K14 | EY14: 0.002 | EZ14: =EX14*EY14 | FA14: =EW14-EZ14 | FB14: =FA14 | FC14: 10 | FD14: =ET14 | FE14: =FL13 | FF14: 0 | FG14: =FE14+FF14 | FH14: =L14 | FI14: 0.0025 | FJ14: =FI14*FH14 | FK14: =FG14-FJ14 | FL14: =FK14 | FM14: =FB14+FL14 | FO14: 10 | FP14: =FD14 | FQ14: =FX13 | FR14: 0 | FS14: =FQ14+FR14 | FT14: =K14 | FU14: 0.002 | FV14: =FT14*FU14 | FW14: =FS14-FV14 | FX14: =FW14 | FY14: 10 | FZ14: =FP14 | GA14: =GH13 | GB14: 0 | GC14: =GA14+GB14 | GD14: =L14 | GE14: 0.005 | GF14: =GE14*GD14 | GG14: =GC14-GF14 | GH14: =GG14 | GI14: =FX14+GH14 | GK14: 10 | GL14: =FZ14 | GM14: =GT13 | GN14: 0 | GO14: =GM14+GN14 | GP14: =K14 | GQ14: 0.005 | GR14: =GP14*GQ14 | GS14: =GO14-GR14 | GT14: =GS14 | GU14: 10 | GV14: =GL14 | GW14: =HD13 | GX14: 0 | GY14: =GW14+GX14 | GZ14: =L14 | HA14: 0.0075 | HB14: =HA14*GZ14 | HC14: =GY14-HB14 | HD14: =HC14 | HE14: =GT14+HD14 | HG14: 10 | HH14: =GV14 | HI14: =K14 | HJ14: 1 | HK14: =HI14*HJ14 | HL14: 0.89 | HM14: =HI14*HL14 | HN14: 0.7 | HO14: =HN14*HI14 | HP14: 2.59 | HQ14: =HI14*HP14 | HR14: 10 | HS14: 45206 | HT14: =L14 | HU14: 1.64 | HV14: =HT14*HU14 | HW14: 1.14 | HX14: =HT14*HW14 | HY14: 1.1 | HZ14: =HY14*HT14 | IA14: 3.11 | IB14: =HT14*IA14 | IC14: =HK14+HV14 | ID14: =HM14+HX14 | IE14: =HO14+HZ14 | IG14: =HH14 | IH14: 'kfuokj | II14: gjcjk | IJ14: =IJ13 | IK14: =IJ14 | IL14: =K14 | IM14: =IL14*100 | IP14: =IL14*20 | IQ14: =IL14*0.3 | IR14: =IL14*0.4 | IS14: =IL14*1.5 | IT14: =IL14*5 | IU14: =IL14*2 | IV14: =IL14*2.08 | IX14: =IL14*2.08 | IZ14: =IG14 | JA14: 'kfuokj | JB14: gjcjk | JC14: =JC13 | JD14: =JC14 | JE14: =L14 | JF14: =JE14*150 | JI14: =JE14*30 | JJ14: =JE14*0.25 | JK14: =JE14*0.4 | JL14: =JE14*2.5 | JM14: =JE14*7.5 | JN14: =JE14*4 | JO14: =JE14*3.11 | JQ14: =JE14*3.11 | JT14: 8 | JU14: dkank ylw.k elkyk | JV14: =FB35 | JW14: =FL35 | JX14: =SUM(JV14:JW14) | KA14: 8 | KB14: dkank ylw.k elkyk | KC14: =JV14 | KD14: =EV36 | KE14: =EZ36 | KG14: =JW14 | KH14: =FF36 | KI14: =FJ36
A15: 'kfuokj | B15: 11/04/2026 | C15: 0 | D15: =C15 | E15: 0 | F15: 0 | G15: 0 | H15: =G15+F15+E15 | I15: 'kfuokj | J15: 11/04/2026 | K15: =D15 | L15: =H15 | M15: =SUM(K15:L15) | N15: gjcjk | Q15: 11 | R15: 11/04/2026 | S15: =Z14 | T15: 0 | U15: =S15+T15 | V15: =K15 | W15: 0.1 | X15: =V15*W15 | Y15: =U15-X15 | Z15: =Y15 | AA15: 11 | AB15: =R15 | AC15: =AJ14 | AD15: 0 | AE15: =AC15+AD15 | AF15: =L15 | AG15: 0.15 | AH15: =AG15*AF15 | AI15: =AE15-AH15 | AJ15: =AI15 | AK15: =Z15+AJ15 | AM15: 11 | AN15: =AB15 | AO15: =AV14 | AP15: 0 | AQ15: =AO15+AP15 | AR15: =K15 | AS15: 0.02 | AT15: =AR15*AS15 | AU15: =AQ15-AT15 | AV15: =AU15 | AW15: 11 | AX15: =AN15 | AY15: =BF14 | AZ15: 0 | BA15: =AY15+AZ15 | BB15: =L15 | BC15: 0.03 | BD15: =BC15*BB15 | BE15: =BA15-BD15 | BF15: =BE15 | BG15: =AV15+BF15 | BI15: 11 | BJ15: =AX15 | BK15: =BR14 | BL15: 0 | BM15: =BK15+BL15 | BN15: 0 | BO15: 0.02 | BP15: =BN15*BO15 | BQ15: =BM15-BP15 | BR15: =BQ15 | BS15: 11 | BT15: =BJ15 | BU15: =CB14 | BV15: 0 | BW15: =BU15+BV15 | BX15: 0 | BY15: 0.03 | BZ15: =BY15*BX15 | CA15: =BW15-BZ15 | CB15: =CA15 | CC15: =BR15+CB15 | CE15: 11 | CF15: =BT15 | CG15: =CN14 | CH15: 0 | CI15: =CG15+CH15 | CJ15: 0 | CK15: 0.02 | CL15: =CJ15*CK15 | CM15: =CI15-CL15 | CN15: =CM15 | CO15: 11 | CP15: =CF15 | CQ15: =CX14 | CR15: 0 | CS15: =CQ15+CR15 | CT15: 0 | CU15: 0.03 | CV15: =CU15*CT15 | CW15: =CS15-CV15 | CX15: =CW15 | CY15: =CN15+CX15 | DA15: 11 | DB15: =CP15 | DC15: =DJ14 | DD15: 0 | DE15: =DC15+DD15 | DF15: =K15 | DG15: 0.0001 | DH15: =DF15*DG15 | DI15: =DE15-DH15 | DJ15: =DI15 | DK15: 11 | DL15: =DB15 | DM15: =DT14 | DN15: 0 | DO15: =DM15+DN15 | DP15: =L15 | DQ15: 0.0003 | DR15: =DQ15*DP15 | DS15: =DO15-DR15 | DT15: =DS15 | DU15: =DJ15+DT15 | DW15: 11 | DX15: =DL15 | DY15: =EF14 | DZ15: 0 | EA15: =DY15+DZ15 | EB15: =K15 | EC15: 0.0002 | ED15: =EB15*EC15 | EE15: =EA15-ED15 | EF15: =EE15 | EG15: 11 | EH15: =DX15 | EI15: =EP14 | EJ15: 0 | EK15: =EI15+EJ15 | EL15: =L15 | EM15: 0.0006 | EN15: =EM15*EL15 | EO15: =EK15-EN15 | EP15: =EO15 | EQ15: =EF15+EP15 | ES15: 11 | ET15: =EH15 | EU15: =FB14 | EV15: 0 | EW15: =EU15+EV15 | EX15: =K15 | EY15: 0.002 | EZ15: =EX15*EY15 | FA15: =EW15-EZ15 | FB15: =FA15 | FC15: 11 | FD15: =ET15 | FE15: =FL14 | FF15: 0 | FG15: =FE15+FF15 | FH15: =L15 | FI15: 0.0025 | FJ15: =FI15*FH15 | FK15: =FG15-FJ15 | FL15: =FK15 | FM15: =FB15+FL15 | FO15: 11 | FP15: =FD15 | FQ15: =FX14 | FR15: 0 | FS15: =FQ15+FR15 | FT15: =K15 | FU15: 0.002 | FV15: =FT15*FU15 | FW15: =FS15-FV15 | FX15: =FW15 | FY15: 11 | FZ15: =FP15 | GA15: =GH14 | GB15: 0 | GC15: =GA15+GB15 | GD15: =L15 | GE15: 0.005 | GF15: =GE15*GD15 | GG15: =GC15-GF15 | GH15: =GG15 | GI15: =FX15+GH15 | GK15: 11 | GL15: =FZ15 | GM15: =GT14 | GN15: 0 | GO15: =GM15+GN15 | GP15: =K15 | GQ15: 0.005 | GR15: =GP15*GQ15 | GS15: =GO15-GR15 | GT15: =GS15 | GU15: 11 | GV15: =GL15 | GW15: =HD14 | GX15: 0 | GY15: =GW15+GX15 | GZ15: =L15 | HA15: 0.0075 | HB15: =HA15*GZ15 | HC15: =GY15-HB15 | HD15: =HC15 | HE15: =GT15+HD15 | HG15: 11 | HH15: =GV15 | HI15: =K15 | HJ15: 1 | HK15: =HI15*HJ15 | HL15: 0.89 | HM15: =HI15*HL15 | HN15: 0.7 | HO15: =HN15*HI15 | HP15: 2.59 | HQ15: =HI15*HP15 | HR15: 11 | HS15: 45237 | HT15: =L15 | HU15: 1.64 | HV15: =HT15*HU15 | HW15: 1.14 | HX15: =HT15*HW15 | HY15: 1.1 | HZ15: =HY15*HT15 | IA15: 3.11 | IB15: =HT15*IA15 | IC15: =HK15+HV15 | ID15: =HM15+HX15 | IE15: =HO15+HZ15 | IG15: =HH15 | IH15: jfookj | IJ15: =IJ14 | IK15: =IJ15 | IL15: =K15 | IM15: =IL15*100 | IN15: =IL15*20 | IQ15: =IL15*0.3 | IR15: =IL15*0.4 | IS15: =IL15*1.5 | IT15: =IL15*5 | IU15: =IL15*2 | IV15: =IL15*2.08 | IX15: =IL15*2.08 | IZ15: =IG15 | JA15: jfookj | JC15: =JC14 | JD15: =JC15 | JE15: =L15 | JF15: =JE15*150 | JG15: =JE15*30 | JJ15: =JE15*0.25 | JK15: =JE15*0.4 | JL15: =JE15*2.5 | JM15: =JE15*7.5 | JN15: =JE15*4 | JO15: =JE15*3.11 | JQ15: =JE15*3.11 | JT15: 9 | JU15: ehB | JV15: =FX35 | JW15: =GH35 | JX15: =SUM(JV15:JW15) | JZ15: 1 | KA15: 9 | KB15: ehB | KC15: =JV15 | KD15: =FR36 | KE15: =FV36 | KG15: =JW15 | KH15: =GB36 | KI15: =GF36
A16: jfookj | B16: 12/04/2026 | C16: 0 | D16: =C16 | E16: 0 | F16: 0 | G16: 0 | H16: =G16+F16+E16 | I16: jfookj | J16: 12/04/2026 | K16: =D16 | L16: =H16 | M16: =SUM(K16:L16) | Q16: 12 | R16: 12/04/2026 | S16: =Z15 | T16: 0 | U16: =S16+T16 | V16: =K16 | W16: 0.1 | X16: =V16*W16 | Y16: =U16-X16 | Z16: =Y16 | AA16: 12 | AB16: =R16 | AC16: =AJ15 | AD16: 0 | AE16: =AC16+AD16 | AF16: =L16 | AG16: 0.15 | AH16: =AG16*AF16 | AI16: =AE16-AH16 | AJ16: =AI16 | AK16: =Z16+AJ16 | AM16: 12 | AN16: =AB16 | AO16: =AV15 | AP16: 0 | AQ16: =AO16+AP16 | AR16: 0 | AS16: 0.02 | AT16: =AR16*AS16 | AU16: =AQ16-AT16 | AV16: =AU16 | AW16: 12 | AX16: =AN16 | AY16: =BF15 | AZ16: 0 | BA16: =AY16+AZ16 | BB16: 0 | BC16: 0.03 | BD16: =BC16*BB16 | BE16: =BA16-BD16 | BF16: =BE16 | BG16: =AV16+BF16 | BI16: 12 | BJ16: =AX16 | BK16: =BR15 | BL16: 0 | BM16: =BK16+BL16 | BN16: 0 | BO16: 0.02 | BP16: =BN16*BO16 | BQ16: =BM16-BP16 | BR16: =BQ16 | BS16: 12 | BT16: =BJ16 | BU16: =CB15 | BV16: 0 | BW16: =BU16+BV16 | BX16: 0 | BY16: 0.03 | BZ16: =BY16*BX16 | CA16: =BW16-BZ16 | CB16: =CA16 | CC16: =BR16+CB16 | CE16: 12 | CF16: =BT16 | CG16: =CN15 | CH16: 0 | CI16: =CG16+CH16 | CJ16: 0 | CK16: 0.02 | CL16: =CJ16*CK16 | CM16: =CI16-CL16 | CN16: =CM16 | CO16: 12 | CP16: =CF16 | CQ16: =CX15 | CR16: 0 | CS16: =CQ16+CR16 | CT16: 0 | CU16: 0.03 | CV16: =CU16*CT16 | CW16: =CS16-CV16 | CX16: =CW16 | CY16: =CN16+CX16 | DA16: 12 | DB16: =CP16 | DC16: =DJ15 | DD16: 0 | DE16: =DC16+DD16 | DF16: =K16 | DG16: 0.0001 | DH16: =DF16*DG16 | DI16: =DE16-DH16 | DJ16: =DI16 | DK16: 12 | DL16: =DB16 | DM16: =DT15 | DN16: 0 | DO16: =DM16+DN16 | DP16: =L16 | DQ16: 0.0003 | DR16: =DQ16*DP16 | DS16: =DO16-DR16 | DT16: =DS16 | DU16: =DJ16+DT16 | DW16: 12 | DX16: =DL16 | DY16: =EF15 | DZ16: 0 | EA16: =DY16+DZ16 | EB16: =K16 | EC16: 0.0002 | ED16: =EB16*EC16 | EE16: =EA16-ED16 | EF16: =EE16 | EG16: 12 | EH16: =DX16 | EI16: =EP15 | EJ16: 0 | EK16: =EI16+EJ16 | EL16: =L16 | EM16: 0.0006 | EN16: =EM16*EL16 | EO16: =EK16-EN16 | EP16: =EO16 | EQ16: =EF16+EP16 | ES16: 12 | ET16: =EH16 | EU16: =FB15 | EV16: 0 | EW16: =EU16+EV16 | EX16: =K16 | EY16: 0.002 | EZ16: =EX16*EY16 | FA16: =EW16-EZ16 | FB16: =FA16 | FC16: 12 | FD16: =ET16 | FE16: =FL15 | FF16: 0 | FG16: =FE16+FF16 | FH16: =L16 | FI16: 0.0025 | FJ16: =FI16*FH16 | FK16: =FG16-FJ16 | FL16: =FK16 | FM16: =FB16+FL16 | FO16: 12 | FP16: =FD16 | FQ16: =FX15 | FR16: 0 | FS16: =FQ16+FR16 | FT16: =K16 | FU16: 0.002 | FV16: =FT16*FU16 | FW16: =FS16-FV16 | FX16: =FW16 | FY16: 12 | FZ16: =FP16 | GA16: =GH15 | GB16: 0 | GC16: =GA16+GB16 | GD16: =L16 | GE16: 0.005 | GF16: =GE16*GD16 | GG16: =GC16-GF16 | GH16: =GG16 | GI16: =FX16+GH16 | GK16: 12 | GL16: =FZ16 | GM16: =GT15 | GN16: 0 | GO16: =GM16+GN16 | GP16: =K16 | GQ16: 0.005 | GR16: =GP16*GQ16 | GS16: =GO16-GR16 | GT16: =GS16 | GU16: 12 | GV16: =GL16 | GW16: =HD15 | GX16: 0 | GY16: =GW16+GX16 | GZ16: =L16 | HA16: 0.0075 | HB16: =HA16*GZ16 | HC16: =GY16-HB16 | HD16: =HC16 | HE16: =GT16+HD16 | HG16: 12 | HH16: =GV16 | HI16: =K16 | HJ16: 1 | HK16: =HI16*HJ16 | HL16: 0.89 | HM16: =HI16*HL16 | HN16: 0.7 | HO16: =HN16*HI16 | HP16: 2.59 | HQ16: =HI16*HP16 | HR16: 12 | HS16: 45267 | HT16: =L16 | HU16: 1.64 | HV16: =HT16*HU16 | HW16: 1.14 | HX16: =HT16*HW16 | HY16: 1.1 | HZ16: =HY16*HT16 | IA16: 3.11 | IB16: =HT16*IA16 | IC16: =HK16+HV16 | ID16: =HM16+HX16 | IE16: =HO16+HZ16 | IG16: =HH16 | IH16: lkseokj | II16: elqj nkG | IJ16: =IJ15 | IK16: =IJ16 | IL16: =K16 | IM16: =IL16*100 | IN16: =IL16*20 | IQ16: =IL16*0.3 | IR16: =IL16*0.4 | IS16: =IL16*1.5 | IT16: =IL16*5 | IU16: =IL16*2 | IV16: =IL16*2.08 | IX16: =IL16*2.08 | IZ16: =IG16 | JA16: lkseokj | JB16: elqj nkG | JC16: =JC15 | JD16: =JC16 | JE16: =L16 | JF16: =JE16*150 | JG16: =JE16*30 | JJ16: =JE16*0.25 | JK16: =JE16*0.4 | JL16: =JE16*2.5 | JM16: =JE16*7.5 | JN16: =JE16*4 | JO16: =JE16*3.11 | JQ16: =JE16*3.11 | JT16: 10 | JU16: lks;k- rsy | JV16: =GT35 | JW16: =HD35 | JX16: =SUM(JV16:JW16) | KA16: 10 | KB16: lks;k- rsy | KC16: =JV16 | KD16: =GN36 | KE16: =GR36 | KG16: =JW16 | KH16: =GX36 | KI16: =HB36
A17: lkseokj | B17: 13/04/2026 | C17: 0 | D17: =C17 | E17: 0 | F17: 0 | G17: 0 | H17: =G17+F17+E17 | I17: lkseokj | J17: 13/04/2026 | K17: =D17 | L17: =H17 | M17: =SUM(K17:L17) | N17: elqj nkG | Q17: 13 | R17: 13/04/2026 | S17: =Z16 | T17: 0 | U17: =S17+T17 | V17: =K17 | W17: 0.1 | X17: =V17*W17 | Y17: =U17-X17 | Z17: =Y17 | AA17: 13 | AB17: =R17 | AC17: =AJ16 | AD17: 0 | AE17: =AC17+AD17 | AF17: =L17 | AG17: 0.15 | AH17: =AG17*AF17 | AI17: =AE17-AH17 | AJ17: =AI17 | AK17: =Z17+AJ17 | AM17: 13 | AN17: =AB17 | AO17: =AV16 | AP17: 0 | AQ17: =AO17+AP17 | AR17: 0 | AS17: 0.02 | AT17: =AR17*AS17 | AU17: =AQ17-AT17 | AV17: =AU17 | AW17: 13 | AX17: =AN17 | AY17: =BF16 | AZ17: 0 | BA17: =AY17+AZ17 | BB17: 0 | BC17: 0.03 | BD17: =BC17*BB17 | BE17: =BA17-BD17 | BF17: =BE17 | BG17: =AV17+BF17 | BI17: 13 | BJ17: =AX17 | BK17: =BR16 | BL17: 0 | BM17: =BK17+BL17 | BN17: =K17 | BO17: 0.02 | BP17: =BN17*BO17 | BQ17: =BM17-BP17 | BR17: =BQ17 | BS17: 13 | BT17: =BJ17 | BU17: =CB16 | BV17: 0 | BW17: =BU17+BV17 | BX17: =L17 | BY17: 0.03 | BZ17: =BY17*BX17 | CA17: =BW17-BZ17 | CB17: =CA17 | CC17: =BR17+CB17 | CE17: 13 | CF17: =BT17 | CG17: =CN16 | CH17: 0 | CI17: =CG17+CH17 | CJ17: 0 | CK17: 0.02 | CL17: =CJ17*CK17 | CM17: =CI17-CL17 | CN17: =CM17 | CO17: 13 | CP17: =CF17 | CQ17: =CX16 | CR17: 0 | CS17: =CQ17+CR17 | CT17: 0 | CU17: 0.03 | CV17: =CU17*CT17 | CW17: =CS17-CV17 | CX17: =CW17 | CY17: =CN17+CX17 | DA17: 13 | DB17: =CP17 | DC17: =DJ16 | DD17: 0 | DE17: =DC17+DD17 | DF17: =K17 | DG17: 0.0001 | DH17: =DF17*DG17 | DI17: =DE17-DH17 | DJ17: =DI17 | DK17: 13 | DL17: =DB17 | DM17: =DT16 | DN17: 0 | DO17: =DM17+DN17 | DP17: =L17 | DQ17: 0.0003 | DR17: =DQ17*DP17 | DS17: =DO17-DR17 | DT17: =DS17 | DU17: =DJ17+DT17 | DW17: 13 | DX17: =DL17 | DY17: =EF16 | DZ17: 0 | EA17: =DY17+DZ17 | EB17: =K17 | EC17: 0.0002 | ED17: =EB17*EC17 | EE17: =EA17-ED17 | EF17: =EE17 | EG17: 13 | EH17: =DX17 | EI17: =EP16 | EJ17: 0 | EK17: =EI17+EJ17 | EL17: =L17 | EM17: 0.0006 | EN17: =EM17*EL17 | EO17: =EK17-EN17 | EP17: =EO17 | EQ17: =EF17+EP17 | ES17: 13 | ET17: =EH17 | EU17: =FB16 | EV17: 0 | EW17: =EU17+EV17 | EX17: =K17 | EY17: 0.002 | EZ17: =EX17*EY17 | FA17: =EW17-EZ17 | FB17: =FA17 | FC17: 13 | FD17: =ET17 | FE17: =FL16 | FF17: 0 | FG17: =FE17+FF17 | FH17: =L17 | FI17: 0.0025 | FJ17: =FI17*FH17 | FK17: =FG17-FJ17 | FL17: =FK17 | FM17: =FB17+FL17 | FO17: 13 | FP17: =FD17 | FQ17: =FX16 | FR17: 0 | FS17: =FQ17+FR17 | FT17: =K17 | FU17: 0.002 | FV17: =FT17*FU17 | FW17: =FS17-FV17 | FX17: =FW17 | FY17: 13 | FZ17: =FP17 | GA17: =GH16 | GB17: 0 | GC17: =GA17+GB17 | GD17: =L17 | GE17: 0.005 | GF17: =GE17*GD17 | GG17: =GC17-GF17 | GH17: =GG17 | GI17: =FX17+GH17 | GK17: 13 | GL17: =FZ17 | GM17: =GT16 | GN17: 0 | GO17: =GM17+GN17 | GP17: =K17 | GQ17: 0.005 | GR17: =GP17*GQ17 | GS17: =GO17-GR17 | GT17: =GS17 | GU17: 13 | GV17: =GL17 | GW17: =HD16 | GX17: 0 | GY17: =GW17+GX17 | GZ17: =L17 | HA17: 0.0075 | HB17: =HA17*GZ17 | HC17: =GY17-HB17 | HD17: =HC17 | HE17: =GT17+HD17 | HG17: 13 | HH17: =GV17 | HI17: =K17 | HJ17: 1 | HK17: =HI17*HJ17 | HL17: 0.89 | HM17: =HI17*HL17 | HN17: 0.7 | HO17: =HN17*HI17 | HP17: 2.59 | HQ17: =HI17*HP17 | HR17: 13 | HS17: 13/7/2023 | HT17: =L17 | HU17: 1.64 | HV17: =HT17*HU17 | HW17: 1.14 | HX17: =HT17*HW17 | HY17: 1.1 | HZ17: =HY17*HT17 | IA17: 3.11 | IB17: =HT17*IA17 | IC17: =HK17+HV17 | ID17: =HM17+HX17 | IE17: =HO17+HZ17 | IG17: =HH17 | IH17: eaxGokj | II17: okVk.kk | IJ17: =IJ16 | IK17: =IJ17 | IL17: =K17 | IM17: =IL17*100 | IO17: =IL17*20 | IQ17: =IL17*0.3 | IR17: =IL17*0.4 | IS17: =IL17*1.5 | IT17: =IL17*5 | IU17: =IL17*2 | IV17: =IL17*2.08 | IX17: =IL17*2.08 | IZ17: =IG17 | JA17: eaxGokj | JB17: okVk.kk | JC17: =JC16 | JD17: =JC17 | JE17: =L17 | JF17: =JE17*150 | JH17: =JE17*30 | JJ17: =JE17*0.25 | JK17: =JE17*0.4 | JL17: =JE17*2.5 | JM17: =JE17*7.5 | JN17: =JE17*4 | JO17: =JE17*3.11 | JQ17: =JE17*3.11 | JT17: 10 | KA17: 10
A18: eaxGokj | B18: 14/04/2026 | C18: 0 | D18: =C18 | E18: 0 | F18: 0 | G18: 0 | H18: =G18+F18+E18 | I18: eaxGokj | J18: 14/04/2026 | K18: =D18 | L18: =H18 | M18: =SUM(K18:L18) | N18: poGh | Q18: 14 | R18: 14/04/2026 | S18: =Z17 | T18: 0 | U18: =S18+T18 | V18: =K18 | W18: 0.1 | X18: =V18*W18 | Y18: =U18-X18 | Z18: =Y18 | AA18: 14 | AB18: =R18 | AC18: =AJ17 | AD18: 0 | AE18: =AC18+AD18 | AF18: =L18 | AG18: 0.15 | AH18: =AG18*AF18 | AI18: =AE18-AH18 | AJ18: =AI18 | AK18: =Z18+AJ18 | AM18: 14 | AN18: =AB18 | AO18: =AV17 | AP18: 0 | AQ18: =AO18+AP18 | AR18: 0 | AS18: 0.02 | AT18: =AR18*AS18 | AU18: =AQ18-AT18 | AV18: =AU18 | AW18: 14 | AX18: =AN18 | AY18: =BF17 | AZ18: 0 | BA18: =AY18+AZ18 | BB18: 0 | BC18: 0.03 | BD18: =BC18*BB18 | BE18: =BA18-BD18 | BF18: =BE18 | BG18: =AV18+BF18 | BI18: 14 | BJ18: =AX18 | BK18: =BR17 | BL18: 0 | BM18: =BK18+BL18 | BN18: 0 | BO18: 0.02 | BP18: =BN18*BO18 | BQ18: =BM18-BP18 | BR18: =BQ18 | BS18: 14 | BT18: =BJ18 | BU18: =CB17 | BV18: 0 | BW18: =BU18+BV18 | BX18: 0 | BY18: 0.03 | BZ18: =BY18*BX18 | CA18: =BW18-BZ18 | CB18: =CA18 | CC18: =BR18+CB18 | CE18: 14 | CF18: =BT18 | CG18: =CN17 | CH18: 0 | CI18: =CG18+CH18 | CJ18: 0 | CK18: 0.02 | CL18: =CJ18*CK18 | CM18: =CI18-CL18 | CN18: =CM18 | CO18: 14 | CP18: =CF18 | CQ18: =CX17 | CR18: 0 | CS18: =CQ18+CR18 | CT18: 0 | CU18: 0.03 | CV18: =CU18*CT18 | CW18: =CS18-CV18 | CX18: =CW18 | CY18: =CN18+CX18 | DA18: 14 | DB18: =CP18 | DC18: =DJ17 | DD18: 0 | DE18: =DC18+DD18 | DF18: =K18 | DG18: 0.0001 | DH18: =DF18*DG18 | DI18: =DE18-DH18 | DJ18: =DI18 | DK18: 14 | DL18: =DB18 | DM18: =DT17 | DN18: 0 | DO18: =DM18+DN18 | DP18: =L18 | DQ18: 0.0003 | DR18: =DQ18*DP18 | DS18: =DO18-DR18 | DT18: =DS18 | DU18: =DJ18+DT18 | DW18: 14 | DX18: =DL18 | DY18: =EF17 | DZ18: 0 | EA18: =DY18+DZ18 | EB18: =K18 | EC18: 0.0002 | ED18: =EB18*EC18 | EE18: =EA18-ED18 | EF18: =EE18 | EG18: 14 | EH18: =DX18 | EI18: =EP17 | EJ18: 0 | EK18: =EI18+EJ18 | EL18: =L18 | EM18: 0.0006 | EN18: =EM18*EL18 | EO18: =EK18-EN18 | EP18: =EO18 | EQ18: =EF18+EP18 | ES18: 14 | ET18: =EH18 | EU18: =FB17 | EV18: 0 | EW18: =EU18+EV18 | EX18: =K18 | EY18: 0.002 | EZ18: =EX18*EY18 | FA18: =EW18-EZ18 | FB18: =FA18 | FC18: 14 | FD18: =ET18 | FE18: =FL17 | FF18: 0 | FG18: =FE18+FF18 | FH18: =L18 | FI18: 0.0025 | FJ18: =FI18*FH18 | FK18: =FG18-FJ18 | FL18: =FK18 | FM18: =FB18+FL18 | FO18: 14 | FP18: =FD18 | FQ18: =FX17 | FR18: 0 | FS18: =FQ18+FR18 | FT18: =K18 | FU18: 0.002 | FV18: =FT18*FU18 | FW18: =FS18-FV18 | FX18: =FW18 | FY18: 14 | FZ18: =FP18 | GA18: =GH17 | GB18: 0 | GC18: =GA18+GB18 | GD18: =L18 | GE18: 0.005 | GF18: =GE18*GD18 | GG18: =GC18-GF18 | GH18: =GG18 | GI18: =FX18+GH18 | GK18: 14 | GL18: =FZ18 | GM18: =GT17 | GN18: 0 | GO18: =GM18+GN18 | GP18: =K18 | GQ18: 0.005 | GR18: =GP18*GQ18 | GS18: =GO18-GR18 | GT18: =GS18 | GU18: 14 | GV18: =GL18 | GW18: =HD17 | GX18: 0 | GY18: =GW18+GX18 | GZ18: =L18 | HA18: 0.0075 | HB18: =HA18*GZ18 | HC18: =GY18-HB18 | HD18: =HC18 | HE18: =GT18+HD18 | HG18: 14 | HH18: =GV18 | HI18: =K18 | HJ18: 1 | HK18: =HI18*HJ18 | HL18: 0.89 | HM18: =HI18*HL18 | HN18: 0.7 | HO18: =HN18*HI18 | HP18: 2.59 | HQ18: =HI18*HP18 | HR18: 14 | HS18: 14/7/2023 | HT18: =L18 | HU18: 1.64 | HV18: =HT18*HU18 | HW18: 1.14 | HX18: =HT18*HW18 | HY18: 1.1 | HZ18: =HY18*HT18 | IA18: 3.11 | IB18: =HT18*IA18 | IC18: =HK18+HV18 | ID18: =HM18+HX18 | IE18: =HO18+HZ18 | IG18: =HH18 | IH18: cq/kokj | II18: gjcjk | IJ18: =IJ17 | IK18: =IJ18 | IL18: =K18 | IM18: =IL18*100 | IP18: =IL18*20 | IQ18: =IL18*0.3 | IR18: =IL18*0.4 | IS18: =IL18*1.5 | IT18: =IL18*5 | IU18: =IL18*2 | IV18: =IL18*2.08 | IX18: =IL18*2.08 | IZ18: =IG18 | JA18: cq/kokj | JB18: gjcjk | JC18: =JC17 | JD18: =JC18 | JE18: =L18 | JF18: =JE18*150 | JI18: =JE18*30 | JJ18: =JE18*0.25 | JK18: =JE18*0.4 | JL18: =JE18*2.5 | JM18: =JE18*7.5 | JN18: =JE18*4 | JO18: =JE18*3.11 | JQ18: =JE18*3.11 | JT18: 11 | KA18: 11
A19: cq/kokj | B19: 15/04/2026 | C19: 0 | D19: =C19 | E19: 0 | F19: 0 | G19: 0 | H19: =G19+F19+E19 | I19: cq/kokj | J19: 15/04/2026 | K19: =D19 | L19: =H19 | M19: =SUM(K19:L19) | N19: gjcjk | Q19: 15 | R19: 15/04/2026 | S19: =Z18 | T19: 0 | U19: =S19+T19 | V19: =K19 | W19: 0.1 | X19: =V19*W19 | Y19: =U19-X19 | Z19: =Y19 | AA19: 15 | AB19: =R19 | AC19: =AJ18 | AD19: 0 | AE19: =AC19+AD19 | AF19: =L19 | AG19: 0.15 | AH19: =AG19*AF19 | AI19: =AE19-AH19 | AJ19: =AI19 | AK19: =Z19+AJ19 | AM19: 15 | AN19: =AB19 | AO19: =AV18 | AP19: 0 | AQ19: =AO19+AP19 | AR19: 0 | AS19: 0.02 | AT19: =AR19*AS19 | AU19: =AQ19-AT19 | AV19: =AU19 | AW19: 15 | AX19: =AN19 | AY19: =BF18 | AZ19: 0 | BA19: =AY19+AZ19 | BB19: 0 | BC19: 0.03 | BD19: =BC19*BB19 | BE19: =BA19-BD19 | BF19: =BE19 | BG19: =AV19+BF19 | BI19: 15 | BJ19: =AX19 | BK19: =BR18 | BL19: 0 | BM19: =BK19+BL19 | BN19: 0 | BO19: 0.02 | BP19: =BN19*BO19 | BQ19: =BM19-BP19 | BR19: =BQ19 | BS19: 15 | BT19: =BJ19 | BU19: =CB18 | BV19: 0 | BW19: =BU19+BV19 | BX19: 0 | BY19: 0.03 | BZ19: =BY19*BX19 | CA19: =BW19-BZ19 | CB19: =CA19 | CC19: =BR19+CB19 | CE19: 15 | CF19: =BT19 | CG19: =CN18 | CH19: 0 | CI19: =CG19+CH19 | CJ19: =K19 | CK19: 0.02 | CL19: =CJ19*CK19 | CM19: =CI19-CL19 | CN19: =CM19 | CO19: 15 | CP19: =CF19 | CQ19: =CX18 | CR19: 0 | CS19: =CQ19+CR19 | CT19: =L19 | CU19: 0.03 | CV19: =CU19*CT19 | CW19: =CS19-CV19 | CX19: =CW19 | CY19: =CN19+CX19 | DA19: 15 | DB19: =CP19 | DC19: =DJ18 | DD19: 0 | DE19: =DC19+DD19 | DF19: =K19 | DG19: 0.0001 | DH19: =DF19*DG19 | DI19: =DE19-DH19 | DJ19: =DI19 | DK19: 15 | DL19: =DB19 | DM19: =DT18 | DN19: 0 | DO19: =DM19+DN19 | DP19: =L19 | DQ19: 0.0003 | DR19: =DQ19*DP19 | DS19: =DO19-DR19 | DT19: =DS19 | DU19: =DJ19+DT19 | DW19: 15 | DX19: =DL19 | DY19: =EF18 | DZ19: 0 | EA19: =DY19+DZ19 | EB19: =K19 | EC19: 0.0002 | ED19: =EB19*EC19 | EE19: =EA19-ED19 | EF19: =EE19 | EG19: 15 | EH19: =DX19 | EI19: =EP18 | EJ19: 0 | EK19: =EI19+EJ19 | EL19: =L19 | EM19: 0.0006 | EN19: =EM19*EL19 | EO19: =EK19-EN19 | EP19: =EO19 | EQ19: =EF19+EP19 | ES19: 15 | ET19: =EH19 | EU19: =FB18 | EV19: 0 | EW19: =EU19+EV19 | EX19: =K19 | EY19: 0.002 | EZ19: =EX19*EY19 | FA19: =EW19-EZ19 | FB19: =FA19 | FC19: 15 | FD19: =ET19 | FE19: =FL18 | FF19: 0 | FG19: =FE19+FF19 | FH19: =L19 | FI19: 0.0025 | FJ19: =FI19*FH19 | FK19: =FG19-FJ19 | FL19: =FK19 | FM19: =FB19+FL19 | FO19: 15 | FP19: =FD19 | FQ19: =FX18 | FR19: 0 | FS19: =FQ19+FR19 | FT19: =K19 | FU19: 0.002 | FV19: =FT19*FU19 | FW19: =FS19-FV19 | FX19: =FW19 | FY19: 15 | FZ19: =FP19 | GA19: =GH18 | GB19: 0 | GC19: =GA19+GB19 | GD19: =L19 | GE19: 0.005 | GF19: =GE19*GD19 | GG19: =GC19-GF19 | GH19: =GG19 | GI19: =FX19+GH19 | GK19: 15 | GL19: =FZ19 | GM19: =GT18 | GN19: 0 | GO19: =GM19+GN19 | GP19: =K19 | GQ19: 0.005 | GR19: =GP19*GQ19 | GS19: =GO19-GR19 | GT19: =GS19 | GU19: 15 | GV19: =GL19 | GW19: =HD18 | GX19: 0 | GY19: =GW19+GX19 | GZ19: =L19 | HA19: 0.0075 | HB19: =HA19*GZ19 | HC19: =GY19-HB19 | HD19: =HC19 | HE19: =GT19+HD19 | HG19: 15 | HH19: =GV19 | HI19: =K19 | HJ19: 1 | HK19: =HI19*HJ19 | HL19: 0.89 | HM19: =HI19*HL19 | HN19: 0.7 | HO19: =HN19*HI19 | HP19: 2.59 | HQ19: =HI19*HP19 | HR19: 15 | HS19: 15/7/2023 | HT19: =L19 | HU19: 1.64 | HV19: =HT19*HU19 | HW19: 1.14 | HX19: =HT19*HW19 | HY19: 1.1 | HZ19: =HY19*HT19 | IA19: 3.11 | IB19: =HT19*IA19 | IC19: =HK19+HV19 | ID19: =HM19+HX19 | IE19: =HO19+HZ19 | IG19: =HH19 | IH19: xq:okj | II19: elqj nkG | IJ19: =IJ18 | IK19: =IJ19 | IL19: =K19 | IM19: =IL19*100 | IN19: =IL19*20 | IQ19: =IL19*0.3 | IR19: =IL19*0.4 | IS19: =IL19*1.5 | IT19: =IL19*5 | IU19: =IL19*2 | IV19: =IL19*2.08 | IX19: =IL19*2.08 | IZ19: =IG19 | JA19: xq:okj | JB19: elqj nkG | JC19: =JC18 | JD19: =JC19 | JE19: =L19 | JF19: =JE19*150 | JG19: =JE19*30 | JJ19: =JE19*0.25 | JK19: =JE19*0.4 | JL19: =JE19*2.5 | JM19: =JE19*7.5 | JN19: =JE19*4 | JO19: =JE19*3.11 | JQ19: =JE19*3.11 | JT19: 12 | KA19: 12
A20: xq:okj | B20: 16/04/2026 | C20: 0 | D20: =C20 | E20: 0 | F20: 0 | G20: 0 | H20: =G20+F20+E20 | I20: xq:okj | J20: 16/04/2026 | K20: =D20 | L20: =H20 | M20: =SUM(K20:L20) | N20: elqj nkG | Q20: 16 | R20: 16/04/2026 | S20: =Z19 | T20: 0 | U20: =S20+T20 | V20: =K20 | W20: 0.1 | X20: =V20*W20 | Y20: =U20-X20 | Z20: =Y20 | AA20: 16 | AB20: =R20 | AC20: =AJ19 | AD20: 0 | AE20: =AC20+AD20 | AF20: =L20 | AG20: 0.15 | AH20: =AG20*AF20 | AI20: =AE20-AH20 | AJ20: =AI20 | AK20: =Z20+AJ20 | AM20: 16 | AN20: =AB20 | AO20: =AV19 | AP20: 0 | AQ20: =AO20+AP20 | AR20: 0 | AS20: 0.02 | AT20: =AR20*AS20 | AU20: =AQ20-AT20 | AV20: =AU20 | AW20: 16 | AX20: =AN20 | AY20: =BF19 | AZ20: 0 | BA20: =AY20+AZ20 | BB20: 0 | BC20: 0.03 | BD20: =BC20*BB20 | BE20: =BA20-BD20 | BF20: =BE20 | BG20: =AV20+BF20 | BI20: 16 | BJ20: =AX20 | BK20: =BR19 | BL20: 0 | BM20: =BK20+BL20 | BN20: =K20 | BO20: 0.02 | BP20: =BN20*BO20 | BQ20: =BM20-BP20 | BR20: =BQ20 | BS20: 16 | BT20: =BJ20 | BU20: =CB19 | BV20: 0 | BW20: =BU20+BV20 | BX20: =L20 | BY20: 0.03 | BZ20: =BY20*BX20 | CA20: =BW20-BZ20 | CB20: =CA20 | CC20: =BR20+CB20 | CE20: 16 | CF20: =BT20 | CG20: =CN19 | CH20: 0 | CI20: =CG20+CH20 | CJ20: 0 | CK20: 0.02 | CL20: =CJ20*CK20 | CM20: =CI20-CL20 | CN20: =CM20 | CO20: 16 | CP20: =CF20 | CQ20: =CX19 | CR20: 0 | CS20: =CQ20+CR20 | CT20: 0 | CU20: 0.03 | CV20: =CU20*CT20 | CW20: =CS20-CV20 | CX20: =CW20 | CY20: =CN20+CX20 | DA20: 16 | DB20: =CP20 | DC20: =DJ19 | DD20: 0 | DE20: =DC20+DD20 | DF20: =K20 | DG20: 0.0001 | DH20: =DF20*DG20 | DI20: =DE20-DH20 | DJ20: =DI20 | DK20: 16 | DL20: =DB20 | DM20: =DT19 | DN20: 0 | DO20: =DM20+DN20 | DP20: =L20 | DQ20: 0.0003 | DR20: =DQ20*DP20 | DS20: =DO20-DR20 | DT20: =DS20 | DU20: =DJ20+DT20 | DW20: 16 | DX20: =DL20 | DY20: =EF19 | DZ20: 0 | EA20: =DY20+DZ20 | EB20: =K20 | EC20: 0.0002 | ED20: =EB20*EC20 | EE20: =EA20-ED20 | EF20: =EE20 | EG20: 16 | EH20: =DX20 | EI20: =EP19 | EJ20: 0 | EK20: =EI20+EJ20 | EL20: =L20 | EM20: 0.0006 | EN20: =EM20*EL20 | EO20: =EK20-EN20 | EP20: =EO20 | EQ20: =EF20+EP20 | ES20: 16 | ET20: =EH20 | EU20: =FB19 | EV20: 0 | EW20: =EU20+EV20 | EX20: =K20 | EY20: 0.002 | EZ20: =EX20*EY20 | FA20: =EW20-EZ20 | FB20: =FA20 | FC20: 16 | FD20: =ET20 | FE20: =FL19 | FF20: 0 | FG20: =FE20+FF20 | FH20: =L20 | FI20: 0.0025 | FJ20: =FI20*FH20 | FK20: =FG20-FJ20 | FL20: =FK20 | FM20: =FB20+FL20 | FO20: 16 | FP20: =FD20 | FQ20: =FX19 | FR20: 0 | FS20: =FQ20+FR20 | FT20: =K20 | FU20: 0.002 | FV20: =FT20*FU20 | FW20: =FS20-FV20 | FX20: =FW20 | FY20: 16 | FZ20: =FP20 | GA20: =GH19 | GB20: 0 | GC20: =GA20+GB20 | GD20: =L20 | GE20: 0.005 | GF20: =GE20*GD20 | GG20: =GC20-GF20 | GH20: =GG20 | GI20: =FX20+GH20 | GK20: 16 | GL20: =FZ20 | GM20: =GT19 | GN20: 0 | GO20: =GM20+GN20 | GP20: =K20 | GQ20: 0.005 | GR20: =GP20*GQ20 | GS20: =GO20-GR20 | GT20: =GS20 | GU20: 16 | GV20: =GL20 | GW20: =HD19 | GX20: 0 | GY20: =GW20+GX20 | GZ20: =L20 | HA20: 0.0075 | HB20: =HA20*GZ20 | HC20: =GY20-HB20 | HD20: =HC20 | HE20: =GT20+HD20 | HG20: 16 | HH20: =GV20 | HI20: =K20 | HJ20: 1 | HK20: =HI20*HJ20 | HL20: 0.89 | HM20: =HI20*HL20 | HN20: 0.7 | HO20: =HN20*HI20 | HP20: 2.59 | HQ20: =HI20*HP20 | HR20: 16 | HS20: 16/7/2023 | HT20: =L20 | HU20: 1.64 | HV20: =HT20*HU20 | HW20: 1.14 | HX20: =HT20*HW20 | HY20: 1.1 | HZ20: =HY20*HT20 | IA20: 3.11 | IB20: =HT20*IA20 | IC20: =HK20+HV20 | ID20: =HM20+HX20 | IE20: =HO20+HZ20 | IG20: =HH20 | IH20: 'kqdzokj | II20: okVk.kk | IJ20: =IJ19 | IK20: =IJ20 | IL20: =K20 | IM20: =IL20*100 | IO20: =IL20*20 | IQ20: =IL20*0.3 | IR20: =IL20*0.4 | IS20: =IL20*1.5 | IT20: =IL20*5 | IU20: =IL20*2 | IV20: =IL20*2.08 | IX20: =IL20*2.08 | IZ20: =IG20 | JA20: 'kqdzokj | JB20: okVk.kk | JC20: =JC19 | JD20: =JC20 | JE20: =L20 | JF20: =JE20*150 | JH20: =JE20*30 | JJ20: =JE20*0.25 | JK20: =JE20*0.4 | JL20: =JE20*2.5 | JM20: =JE20*7.5 | JN20: =JE20*4 | JO20: =JE20*3.11 | JQ20: =JE20*3.11
A21: 'kqdzokj | B21: 17/04/2026 | C21: 0 | D21: =C21 | E21: 0 | F21: 0 | G21: 0 | H21: =G21+F21+E21 | I21: 'kqdzokj | J21: 17/04/2026 | K21: =D21 | L21: =H21 | M21: =SUM(K21:L21) | N21: poGh | Q21: 17 | R21: 17/04/2026 | S21: =Z20 | T21: 0 | U21: =S21+T21 | V21: =K21 | W21: 0.1 | X21: =V21*W21 | Y21: =U21-X21 | Z21: =Y21 | AA21: 17 | AB21: =R21 | AC21: =AJ20 | AD21: 0 | AE21: =AC21+AD21 | AF21: =L21 | AG21: 0.15 | AH21: =AG21*AF21 | AI21: =AE21-AH21 | AJ21: =AI21 | AK21: =Z21+AJ21 | AM21: 17 | AN21: =AB21 | AO21: =AV20 | AP21: 0 | AQ21: =AO21+AP21 | AR21: 0 | AS21: 0.02 | AT21: =AR21*AS21 | AU21: =AQ21-AT21 | AV21: =AU21 | AW21: 17 | AX21: =AN21 | AY21: =BF20 | AZ21: 0 | BA21: =AY21+AZ21 | BB21: 0 | BC21: 0.03 | BD21: =BC21*BB21 | BE21: =BA21-BD21 | BF21: =BE21 | BG21: =AV21+BF21 | BI21: 17 | BJ21: =AX21 | BK21: =BR20 | BL21: 0 | BM21: =BK21+BL21 | BN21: 0 | BO21: 0.02 | BP21: =BN21*BO21 | BQ21: =BM21-BP21 | BR21: =BQ21 | BS21: 17 | BT21: =BJ21 | BU21: =CB20 | BV21: 0 | BW21: =BU21+BV21 | BX21: 0 | BY21: 0.03 | BZ21: =BY21*BX21 | CA21: =BW21-BZ21 | CB21: =CA21 | CC21: =BR21+CB21 | CE21: 17 | CF21: =BT21 | CG21: =CN20 | CH21: 0 | CI21: =CG21+CH21 | CJ21: =K21 | CK21: 0.02 | CL21: =CJ21*CK21 | CM21: =CI21-CL21 | CN21: =CM21 | CO21: 17 | CP21: =CF21 | CQ21: =CX20 | CR21: 0 | CS21: =CQ21+CR21 | CT21: =L21 | CU21: 0.03 | CV21: =CU21*CT21 | CW21: =CS21-CV21 | CX21: =CW21 | CY21: =CN21+CX21 | DA21: 17 | DB21: =CP21 | DC21: =DJ20 | DD21: 0 | DE21: =DC21+DD21 | DF21: =K21 | DG21: 0.0001 | DH21: =DF21*DG21 | DI21: =DE21-DH21 | DJ21: =DI21 | DK21: 17 | DL21: =DB21 | DM21: =DT20 | DN21: 0 | DO21: =DM21+DN21 | DP21: =L21 | DQ21: 0.0003 | DR21: =DQ21*DP21 | DS21: =DO21-DR21 | DT21: =DS21 | DU21: =DJ21+DT21 | DW21: 17 | DX21: =DL21 | DY21: =EF20 | DZ21: 0 | EA21: =DY21+DZ21 | EB21: =K21 | EC21: 0.0002 | ED21: =EB21*EC21 | EE21: =EA21-ED21 | EF21: =EE21 | EG21: 17 | EH21: =DX21 | EI21: =EP20 | EJ21: 0 | EK21: =EI21+EJ21 | EL21: =L21 | EM21: 0.0006 | EN21: =EM21*EL21 | EO21: =EK21-EN21 | EP21: =EO21 | EQ21: =EF21+EP21 | ES21: 17 | ET21: =EH21 | EU21: =FB20 | EV21: 0 | EW21: =EU21+EV21 | EX21: =K21 | EY21: 0.002 | EZ21: =EX21*EY21 | FA21: =EW21-EZ21 | FB21: =FA21 | FC21: 17 | FD21: =ET21 | FE21: =FL20 | FF21: 0 | FG21: =FE21+FF21 | FH21: =L21 | FI21: 0.0025 | FJ21: =FI21*FH21 | FK21: =FG21-FJ21 | FL21: =FK21 | FM21: =FB21+FL21 | FO21: 17 | FP21: =FD21 | FQ21: =FX20 | FR21: 0 | FS21: =FQ21+FR21 | FT21: =K21 | FU21: 0.002 | FV21: =FT21*FU21 | FW21: =FS21-FV21 | FX21: =FW21 | FY21: 17 | FZ21: =FP21 | GA21: =GH20 | GB21: 0 | GC21: =GA21+GB21 | GD21: =L21 | GE21: 0.005 | GF21: =GE21*GD21 | GG21: =GC21-GF21 | GH21: =GG21 | GI21: =FX21+GH21 | GK21: 17 | GL21: =FZ21 | GM21: =GT20 | GN21: 0 | GO21: =GM21+GN21 | GP21: =K21 | GQ21: 0.005 | GR21: =GP21*GQ21 | GS21: =GO21-GR21 | GT21: =GS21 | GU21: 17 | GV21: =GL21 | GW21: =HD20 | GX21: 0 | GY21: =GW21+GX21 | GZ21: =L21 | HA21: 0.0075 | HB21: =HA21*GZ21 | HC21: =GY21-HB21 | HD21: =HC21 | HE21: =GT21+HD21 | HG21: 17 | HH21: =GV21 | HI21: =K21 | HJ21: 1 | HK21: =HI21*HJ21 | HL21: 0.89 | HM21: =HI21*HL21 | HN21: 0.7 | HO21: =HN21*HI21 | HP21: 2.59 | HQ21: =HI21*HP21 | HR21: 17 | HS21: 17/07/2023 | HT21: =L21 | HU21: 1.64 | HV21: =HT21*HU21 | HW21: 1.14 | HX21: =HT21*HW21 | HY21: 1.1 | HZ21: =HY21*HT21 | IA21: 3.11 | IB21: =HT21*IA21 | IC21: =HK21+HV21 | ID21: =HM21+HX21 | IE21: =HO21+HZ21 | IG21: =HH21 | IH21: 'kfuokj | II21: gjcjk | IJ21: =IJ20 | IK21: =IJ21 | IL21: =K21 | IM21: =IL21*100 | IP21: =IL21*20 | IQ21: =IL21*0.3 | IR21: =IL21*0.4 | IS21: =IL21*1.5 | IT21: =IL21*5 | IU21: =IL21*2 | IV21: =IL21*2.08 | IX21: =IL21*2.08 | IZ21: =IG21 | JA21: 'kfuokj | JB21: gjcjk | JC21: =JC20 | JD21: =JC21 | JE21: =L21 | JF21: =JE21*150 | JI21: =JE21*30 | JJ21: =JE21*0.25 | JK21: =JE21*0.4 | JL21: =JE21*2.5 | JM21: =JE21*7.5 | JN21: =JE21*4 | JO21: =JE21*3.11 | JQ21: =JE21*3.11 | JT21: 13 | KA21: 13
A22: 'kfuokj | B22: 18/04/2026 | C22: 0 | D22: =C22 | E22: 0 | F22: 0 | G22: 0 | H22: =G22+F22+E22 | I22: 'kfuokj | J22: 18/04/2026 | K22: =D22 | L22: =H22 | M22: =SUM(K22:L22) | N22: gjcjk | Q22: 18 | R22: 18/04/2026 | S22: =Z21 | T22: 0 | U22: =S22+T22 | V22: =K22 | W22: 0.1 | X22: =V22*W22 | Y22: =U22-X22 | Z22: =Y22 | AA22: 18 | AB22: =R22 | AC22: =AJ21 | AD22: 0 | AE22: =AC22+AD22 | AF22: =L22 | AG22: 0.15 | AH22: =AG22*AF22 | AI22: =AE22-AH22 | AJ22: =AI22 | AK22: =Z22+AJ22 | AM22: 18 | AN22: =AB22 | AO22: =AV21 | AP22: 0 | AQ22: =AO22+AP22 | AR22: =K22 | AS22: 0.02 | AT22: =AR22*AS22 | AU22: =AQ22-AT22 | AV22: =AU22 | AW22: 18 | AX22: =AN22 | AY22: =BF21 | AZ22: 0 | BA22: =AY22+AZ22 | BB22: =L22 | BC22: 0.03 | BD22: =BC22*BB22 | BE22: =BA22-BD22 | BF22: =BE22 | BG22: =AV22+BF22 | BI22: 18 | BJ22: =AX22 | BK22: =BR21 | BL22: 0 | BM22: =BK22+BL22 | BN22: 0 | BO22: 0.02 | BP22: =BN22*BO22 | BQ22: =BM22-BP22 | BR22: =BQ22 | BS22: 18 | BT22: =BJ22 | BU22: =CB21 | BV22: 0 | BW22: =BU22+BV22 | BX22: 0 | BY22: 0.03 | BZ22: =BY22*BX22 | CA22: =BW22-BZ22 | CB22: =CA22 | CC22: =BR22+CB22 | CE22: 18 | CF22: =BT22 | CG22: =CN21 | CH22: 0 | CI22: =CG22+CH22 | CJ22: 0 | CK22: 0.02 | CL22: =CJ22*CK22 | CM22: =CI22-CL22 | CN22: =CM22 | CO22: 18 | CP22: =CF22 | CQ22: =CX21 | CR22: 0 | CS22: =CQ22+CR22 | CT22: 0 | CU22: 0.03 | CV22: =CU22*CT22 | CW22: =CS22-CV22 | CX22: =CW22 | CY22: =CN22+CX22 | DA22: 18 | DB22: =CP22 | DC22: =DJ21 | DD22: 0 | DE22: =DC22+DD22 | DF22: =K22 | DG22: 0.0001 | DH22: =DF22*DG22 | DI22: =DE22-DH22 | DJ22: =DI22 | DK22: 18 | DL22: =DB22 | DM22: =DT21 | DN22: 0 | DO22: =DM22+DN22 | DP22: =L22 | DQ22: 0.0003 | DR22: =DQ22*DP22 | DS22: =DO22-DR22 | DT22: =DS22 | DU22: =DJ22+DT22 | DW22: 18 | DX22: =DL22 | DY22: =EF21 | DZ22: 0 | EA22: =DY22+DZ22 | EB22: =K22 | EC22: 0.0002 | ED22: =EB22*EC22 | EE22: =EA22-ED22 | EF22: =EE22 | EG22: 18 | EH22: =DX22 | EI22: =EP21 | EJ22: 0 | EK22: =EI22+EJ22 | EL22: =L22 | EM22: 0.0006 | EN22: =EM22*EL22 | EO22: =EK22-EN22 | EP22: =EO22 | EQ22: =EF22+EP22 | ES22: 18 | ET22: =EH22 | EU22: =FB21 | EV22: 0 | EW22: =EU22+EV22 | EX22: =K22 | EY22: 0.002 | EZ22: =EX22*EY22 | FA22: =EW22-EZ22 | FB22: =FA22 | FC22: 18 | FD22: =ET22 | FE22: =FL21 | FF22: 0 | FG22: =FE22+FF22 | FH22: =L22 | FI22: 0.0025 | FJ22: =FI22*FH22 | FK22: =FG22-FJ22 | FL22: =FK22 | FM22: =FB22+FL22 | FO22: 18 | FP22: =FD22 | FQ22: =FX21 | FR22: 0 | FS22: =FQ22+FR22 | FT22: =K22 | FU22: 0.002 | FV22: =FT22*FU22 | FW22: =FS22-FV22 | FX22: =FW22 | FY22: 18 | FZ22: =FP22 | GA22: =GH21 | GB22: 0 | GC22: =GA22+GB22 | GD22: =L22 | GE22: 0.005 | GF22: =GE22*GD22 | GG22: =GC22-GF22 | GH22: =GG22 | GI22: =FX22+GH22 | GK22: 18 | GL22: =FZ22 | GM22: =GT21 | GN22: 0 | GO22: =GM22+GN22 | GP22: =K22 | GQ22: 0.005 | GR22: =GP22*GQ22 | GS22: =GO22-GR22 | GT22: =GS22 | GU22: 18 | GV22: =GL22 | GW22: =HD21 | GX22: 0 | GY22: =GW22+GX22 | GZ22: =L22 | HA22: 0.0075 | HB22: =HA22*GZ22 | HC22: =GY22-HB22 | HD22: =HC22 | HE22: =GT22+HD22 | HG22: 18 | HH22: =GV22 | HI22: =K22 | HJ22: 1 | HK22: =HI22*HJ22 | HL22: 0.89 | HM22: =HI22*HL22 | HN22: 0.7 | HO22: =HN22*HI22 | HP22: 2.59 | HQ22: =HI22*HP22 | HR22: 18 | HS22: 18/7/2023 | HT22: =L22 | HU22: 1.64 | HV22: =HT22*HU22 | HW22: 1.14 | HX22: =HT22*HW22 | HY22: 1.1 | HZ22: =HY22*HT22 | IA22: 3.11 | IB22: =HT22*IA22 | IC22: =HK22+HV22 | ID22: =HM22+HX22 | IE22: =HO22+HZ22 | IG22: =HH22 | IH22: jfookj | IJ22: =IJ21 | IK22: =IJ22 | IL22: =K22 | IM22: =IL22*100 | IN22: =IL22*20 | IQ22: =IL22*0.3 | IR22: =IL22*0.4 | IS22: =IL22*1.5 | IT22: =IL22*5 | IU22: =IL22*2 | IV22: =IL22*2.08 | IX22: =IL22*2.08 | IZ22: =IG22 | JA22: jfookj | JC22: =JC21 | JD22: =JC22 | JE22: =L22 | JF22: =JE22*150 | JG22: =JE22*30 | JJ22: =JE22*0.25 | JK22: =JE22*0.4 | JL22: =JE22*2.5 | JM22: =JE22*7.5 | JN22: =JE22*4 | JO22: =JE22*3.11 | JQ22: =JE22*3.11 | JT22: 14 | KA22: 14
A23: jfookj | B23: 19/04/2026 | C23: 0 | D23: =C23 | E23: 0 | F23: 0 | G23: 0 | H23: =G23+F23+E23 | I23: jfookj | J23: 19/04/2026 | K23: =D23 | L23: =H23 | M23: =SUM(K23:L23) | Q23: 19 | R23: 19/04/2026 | S23: =Z22 | T23: 0 | U23: =S23+T23 | V23: =K23 | W23: 0.1 | X23: =V23*W23 | Y23: =U23-X23 | Z23: =Y23 | AA23: 19 | AB23: =R23 | AC23: =AJ22 | AD23: 0 | AE23: =AC23+AD23 | AF23: =L23 | AG23: 0.15 | AH23: =AG23*AF23 | AI23: =AE23-AH23 | AJ23: =AI23 | AK23: =Z23+AJ23 | AM23: 19 | AN23: =AB23 | AO23: =AV22 | AP23: 0 | AQ23: =AO23+AP23 | AR23: 0 | AS23: 0.02 | AT23: =AR23*AS23 | AU23: =AQ23-AT23 | AV23: =AU23 | AW23: 19 | AX23: =AN23 | AY23: =BF22 | AZ23: 0 | BA23: =AY23+AZ23 | BB23: 0 | BC23: 0.03 | BD23: =BC23*BB23 | BE23: =BA23-BD23 | BF23: =BE23 | BG23: =AV23+BF23 | BI23: 19 | BJ23: =AX23 | BK23: =BR22 | BL23: 0 | BM23: =BK23+BL23 | BN23: 0 | BO23: 0.02 | BP23: =BN23*BO23 | BQ23: =BM23-BP23 | BR23: =BQ23 | BS23: 19 | BT23: =BJ23 | BU23: =CB22 | BV23: 0 | BW23: =BU23+BV23 | BX23: 0 | BY23: 0.03 | BZ23: =BY23*BX23 | CA23: =BW23-BZ23 | CB23: =CA23 | CC23: =BR23+CB23 | CE23: 19 | CF23: =BT23 | CG23: =CN22 | CH23: 0 | CI23: =CG23+CH23 | CJ23: 0 | CK23: 0.02 | CL23: =CJ23*CK23 | CM23: =CI23-CL23 | CN23: =CM23 | CO23: 19 | CP23: =CF23 | CQ23: =CX22 | CR23: 0 | CS23: =CQ23+CR23 | CT23: 0 | CU23: 0.03 | CV23: =CU23*CT23 | CW23: =CS23-CV23 | CX23: =CW23 | CY23: =CN23+CX23 | DA23: 19 | DB23: =CP23 | DC23: =DJ22 | DD23: 0 | DE23: =DC23+DD23 | DF23: =K23 | DG23: 0.0001 | DH23: =DF23*DG23 | DI23: =DE23-DH23 | DJ23: =DI23 | DK23: 19 | DL23: =DB23 | DM23: =DT22 | DN23: 0 | DO23: =DM23+DN23 | DP23: =L23 | DQ23: 0.0003 | DR23: =DQ23*DP23 | DS23: =DO23-DR23 | DT23: =DS23 | DU23: =DJ23+DT23 | DW23: 19 | DX23: =DL23 | DY23: =EF22 | DZ23: 0 | EA23: =DY23+DZ23 | EB23: =K23 | EC23: 0.0002 | ED23: =EB23*EC23 | EE23: =EA23-ED23 | EF23: =EE23 | EG23: 19 | EH23: =DX23 | EI23: =EP22 | EJ23: 0 | EK23: =EI23+EJ23 | EL23: =L23 | EM23: 0.0006 | EN23: =EM23*EL23 | EO23: =EK23-EN23 | EP23: =EO23 | EQ23: =EF23+EP23 | ES23: 19 | ET23: =EH23 | EU23: =FB22 | EV23: 0 | EW23: =EU23+EV23 | EX23: =K23 | EY23: 0.002 | EZ23: =EX23*EY23 | FA23: =EW23-EZ23 | FB23: =FA23 | FC23: 19 | FD23: =ET23 | FE23: =FL22 | FF23: 0 | FG23: =FE23+FF23 | FH23: =L23 | FI23: 0.0025 | FJ23: =FI23*FH23 | FK23: =FG23-FJ23 | FL23: =FK23 | FM23: =FB23+FL23 | FO23: 19 | FP23: =FD23 | FQ23: =FX22 | FR23: 0 | FS23: =FQ23+FR23 | FT23: =K23 | FU23: 0.002 | FV23: =FT23*FU23 | FW23: =FS23-FV23 | FX23: =FW23 | FY23: 19 | FZ23: =FP23 | GA23: =GH22 | GB23: 0 | GC23: =GA23+GB23 | GD23: =L23 | GE23: 0.005 | GF23: =GE23*GD23 | GG23: =GC23-GF23 | GH23: =GG23 | GI23: =FX23+GH23 | GK23: 19 | GL23: =FZ23 | GM23: =GT22 | GN23: 0 | GO23: =GM23+GN23 | GP23: =K23 | GQ23: 0.005 | GR23: =GP23*GQ23 | GS23: =GO23-GR23 | GT23: =GS23 | GU23: 19 | GV23: =GL23 | GW23: =HD22 | GX23: 0 | GY23: =GW23+GX23 | GZ23: =L23 | HA23: 0.0075 | HB23: =HA23*GZ23 | HC23: =GY23-HB23 | HD23: =HC23 | HE23: =GT23+HD23 | HG23: 19 | HH23: =GV23 | HI23: =K23 | HJ23: 1 | HK23: =HI23*HJ23 | HL23: 0.89 | HM23: =HI23*HL23 | HN23: 0.7 | HO23: =HN23*HI23 | HP23: 2.59 | HQ23: =HI23*HP23 | HR23: 19 | HS23: 19/7/2023 | HT23: =L23 | HU23: 1.64 | HV23: =HT23*HU23 | HW23: 1.14 | HX23: =HT23*HW23 | HY23: 1.1 | HZ23: =HY23*HT23 | IA23: 3.11 | IB23: =HT23*IA23 | IC23: =HK23+HV23 | ID23: =HM23+HX23 | IE23: =HO23+HZ23 | IG23: =HH23 | IH23: lkseokj | II23: elqj nkG | IJ23: =IJ22 | IK23: =IJ23 | IL23: =K23 | IM23: =IL23*100 | IN23: =IL23*20 | IQ23: =IL23*0.3 | IR23: =IL23*0.4 | IS23: =IL23*1.5 | IT23: =IL23*5 | IU23: =IL23*2 | IV23: =IL23*2.08 | IX23: =IL23*2.08 | IZ23: =IG23 | JA23: lkseokj | JB23: elqj nkG | JC23: =JC22 | JD23: =JC23 | JE23: =L23 | JF23: =JE23*150 | JH23: =JE23*30 | JJ23: =JE23*0.25 | JK23: =JE23*0.4 | JL23: =JE23*2.5 | JM23: =JE23*7.5 | JN23: =JE23*4 | JO23: =JE23*3.11 | JQ23: =JE23*3.11 | JT23: 15 | KA23: 15
A24: lkseokj | B24: 20/04/2026 | C24: 0 | D24: =C24 | E24: 0 | F24: 0 | G24: 0 | H24: =G24+F24+E24 | I24: lkseokj | J24: 20/04/2026 | K24: =D24 | L24: =H24 | M24: =SUM(K24:L24) | N24: elqj nkG | Q24: 20 | R24: 20/04/2026 | S24: =Z23 | T24: 0 | U24: =S24+T24 | V24: =K24 | W24: 0.1 | X24: =V24*W24 | Y24: =U24-X24 | Z24: =Y24 | AA24: 20 | AB24: =R24 | AC24: =AJ23 | AD24: 0 | AE24: =AC24+AD24 | AF24: =L24 | AG24: 0.15 | AH24: =AG24*AF24 | AI24: =AE24-AH24 | AJ24: =AI24 | AK24: =Z24+AJ24 | AM24: 20 | AN24: =AB24 | AO24: =AV23 | AP24: 0 | AQ24: =AO24+AP24 | AR24: 0 | AS24: 0.02 | AT24: =AR24*AS24 | AU24: =AQ24-AT24 | AV24: =AU24 | AW24: 20 | AX24: =AN24 | AY24: =BF23 | AZ24: 0 | BA24: =AY24+AZ24 | BB24: 0 | BC24: 0.03 | BD24: =BC24*BB24 | BE24: =BA24-BD24 | BF24: =BE24 | BG24: =AV24+BF24 | BI24: 20 | BJ24: =AX24 | BK24: =BR23 | BL24: 0 | BM24: =BK24+BL24 | BN24: =K24 | BO24: 0.02 | BP24: =BN24*BO24 | BQ24: =BM24-BP24 | BR24: =BQ24 | BS24: 20 | BT24: =BJ24 | BU24: =CB23 | BV24: 0 | BW24: =BU24+BV24 | BX24: =L24 | BY24: 0.03 | BZ24: =BY24*BX24 | CA24: =BW24-BZ24 | CB24: =CA24 | CC24: =BR24+CB24 | CE24: 20 | CF24: =BT24 | CG24: =CN23 | CH24: 0 | CI24: =CG24+CH24 | CJ24: 0 | CK24: 0.02 | CL24: =CJ24*CK24 | CM24: =CI24-CL24 | CN24: =CM24 | CO24: 20 | CP24: =CF24 | CQ24: =CX23 | CR24: 0 | CS24: =CQ24+CR24 | CT24: 0 | CU24: 0.03 | CV24: =CU24*CT24 | CW24: =CS24-CV24 | CX24: =CW24 | CY24: =CN24+CX24 | DA24: 20 | DB24: =CP24 | DC24: =DJ23 | DD24: 0 | DE24: =DC24+DD24 | DF24: =K24 | DG24: 0.0001 | DH24: =DF24*DG24 | DI24: =DE24-DH24 | DJ24: =DI24 | DK24: 20 | DL24: =DB24 | DM24: =DT23 | DN24: 0 | DO24: =DM24+DN24 | DP24: =L24 | DQ24: 0.0003 | DR24: =DQ24*DP24 | DS24: =DO24-DR24 | DT24: =DS24 | DU24: =DJ24+DT24 | DW24: 20 | DX24: =DL24 | DY24: =EF23 | DZ24: 0 | EA24: =DY24+DZ24 | EB24: =K24 | EC24: 0.0002 | ED24: =EB24*EC24 | EE24: =EA24-ED24 | EF24: =EE24 | EG24: 20 | EH24: =DX24 | EI24: =EP23 | EJ24: 0 | EK24: =EI24+EJ24 | EL24: =L24 | EM24: 0.0006 | EN24: =EM24*EL24 | EO24: =EK24-EN24 | EP24: =EO24 | EQ24: =EF24+EP24 | ES24: 20 | ET24: =EH24 | EU24: =FB23 | EV24: 0 | EW24: =EU24+EV24 | EX24: =K24 | EY24: 0.002 | EZ24: =EX24*EY24 | FA24: =EW24-EZ24 | FB24: =FA24 | FC24: 20 | FD24: =ET24 | FE24: =FL23 | FF24: 0 | FG24: =FE24+FF24 | FH24: =L24 | FI24: 0.0025 | FJ24: =FI24*FH24 | FK24: =FG24-FJ24 | FL24: =FK24 | FM24: =FB24+FL24 | FO24: 20 | FP24: =FD24 | FQ24: =FX23 | FR24: 0 | FS24: =FQ24+FR24 | FT24: =K24 | FU24: 0.002 | FV24: =FT24*FU24 | FW24: =FS24-FV24 | FX24: =FW24 | FY24: 20 | FZ24: =FP24 | GA24: =GH23 | GB24: 0 | GC24: =GA24+GB24 | GD24: =L24 | GE24: 0.005 | GF24: =GE24*GD24 | GG24: =GC24-GF24 | GH24: =GG24 | GI24: =FX24+GH24 | GK24: 20 | GL24: =FZ24 | GM24: =GT23 | GN24: 0 | GO24: =GM24+GN24 | GP24: =K24 | GQ24: 0.005 | GR24: =GP24*GQ24 | GS24: =GO24-GR24 | GT24: =GS24 | GU24: 20 | GV24: =GL24 | GW24: =HD23 | GX24: 0 | GY24: =GW24+GX24 | GZ24: =L24 | HA24: 0.0075 | HB24: =HA24*GZ24 | HC24: =GY24-HB24 | HD24: =HC24 | HE24: =GT24+HD24 | HG24: 20 | HH24: =GV24 | HI24: =K24 | HJ24: 1 | HK24: =HI24*HJ24 | HL24: 0.89 | HM24: =HI24*HL24 | HN24: 0.7 | HO24: =HN24*HI24 | HP24: 2.59 | HQ24: =HI24*HP24 | HR24: 20 | HS24: 20/7/2023 | HT24: =L24 | HU24: 1.64 | HV24: =HT24*HU24 | HW24: 1.14 | HX24: =HT24*HW24 | HY24: 1.1 | HZ24: =HY24*HT24 | IA24: 3.11 | IB24: =HT24*IA24 | IC24: =HK24+HV24 | ID24: =HM24+HX24 | IE24: =HO24+HZ24 | IG24: =HH24 | IH24: eaxGokj | II24: okVk.kk | IJ24: =IJ23 | IK24: =IJ24 | IL24: =K24 | IM24: =IL24*100 | IO24: =IL24*20 | IQ24: =IL24*0.3 | IR24: =IL24*0.4 | IS24: =IL24*1.5 | IT24: =IL24*5 | IU24: =IL24*2 | IV24: =IL24*2.08 | IX24: =IL24*2.08 | IZ24: =IG24 | JA24: eaxGokj | JB24: okVk.kk | JC24: =JC23 | JD24: =JC24 | JE24: =L24 | JF24: =JE24*150 | JI24: =JE24*30 | JJ24: =JE24*0.25 | JK24: =JE24*0.4 | JL24: =JE24*2.5 | JM24: =JE24*7.5 | JN24: =JE24*4 | JO24: =JE24*3.11 | JQ24: =JE24*3.11
A25: eaxGokj | B25: 21/04/2026 | C25: 0 | D25: =C25 | E25: 0 | F25: 0 | G25: 0 | H25: =G25+F25+E25 | I25: eaxGokj | J25: 21/04/2026 | K25: =D25 | L25: =H25 | M25: =SUM(K25:L25) | N25: poGh | Q25: 21 | R25: 21/04/2026 | S25: =Z24 | T25: 0 | U25: =S25+T25 | V25: =K25 | W25: 0.1 | X25: =V25*W25 | Y25: =U25-X25 | Z25: =Y25 | AA25: 21 | AB25: =R25 | AC25: =AJ24 | AD25: 0 | AE25: =AC25+AD25 | AF25: =L25 | AG25: 0.15 | AH25: =AG25*AF25 | AI25: =AE25-AH25 | AJ25: =AI25 | AK25: =Z25+AJ25 | AM25: 21 | AN25: =AB25 | AO25: =AV24 | AP25: 0 | AQ25: =AO25+AP25 | AR25: =K25 | AS25: 0.02 | AT25: =AR25*AS25 | AU25: =AQ25-AT25 | AV25: =AU25 | AW25: 21 | AX25: =AN25 | AY25: =BF24 | AZ25: 0 | BA25: =AY25+AZ25 | BB25: =L25 | BC25: 0.03 | BD25: =BC25*BB25 | BE25: =BA25-BD25 | BF25: =BE25 | BG25: =AV25+BF25 | BI25: 21 | BJ25: =AX25 | BK25: =BR24 | BL25: 0 | BM25: =BK25+BL25 | BN25: 0 | BO25: 0.02 | BP25: =BN25*BO25 | BQ25: =BM25-BP25 | BR25: =BQ25 | BS25: 21 | BT25: =BJ25 | BU25: =CB24 | BV25: 0 | BW25: =BU25+BV25 | BX25: 0 | BY25: 0.03 | BZ25: =BY25*BX25 | CA25: =BW25-BZ25 | CB25: =CA25 | CC25: =BR25+CB25 | CE25: 21 | CF25: =BT25 | CG25: =CN24 | CH25: 0 | CI25: =CG25+CH25 | CJ25: 0 | CK25: 0.02 | CL25: =CJ25*CK25 | CM25: =CI25-CL25 | CN25: =CM25 | CO25: 21 | CP25: =CF25 | CQ25: =CX24 | CR25: 0 | CS25: =CQ25+CR25 | CT25: 0 | CU25: 0.03 | CV25: =CU25*CT25 | CW25: =CS25-CV25 | CX25: =CW25 | CY25: =CN25+CX25 | DA25: 21 | DB25: =CP25 | DC25: =DJ24 | DD25: 0 | DE25: =DC25+DD25 | DF25: =K25 | DG25: 0.0001 | DH25: =DF25*DG25 | DI25: =DE25-DH25 | DJ25: =DI25 | DK25: 21 | DL25: =DB25 | DM25: =DT24 | DN25: 0 | DO25: =DM25+DN25 | DP25: =L25 | DQ25: 0.0003 | DR25: =DQ25*DP25 | DS25: =DO25-DR25 | DT25: =DS25 | DU25: =DJ25+DT25 | DW25: 21 | DX25: =DL25 | DY25: =EF24 | DZ25: 0 | EA25: =DY25+DZ25 | EB25: =K25 | EC25: 0.0002 | ED25: =EB25*EC25 | EE25: =EA25-ED25 | EF25: =EE25 | EG25: 21 | EH25: =DX25 | EI25: =EP24 | EJ25: 0 | EK25: =EI25+EJ25 | EL25: =L25 | EM25: 0.0006 | EN25: =EM25*EL25 | EO25: =EK25-EN25 | EP25: =EO25 | EQ25: =EF25+EP25 | ES25: 21 | ET25: =EH25 | EU25: =FB24 | EV25: 0 | EW25: =EU25+EV25 | EX25: =K25 | EY25: 0.002 | EZ25: =EX25*EY25 | FA25: =EW25-EZ25 | FB25: =FA25 | FC25: 21 | FD25: =ET25 | FE25: =FL24 | FF25: 0 | FG25: =FE25+FF25 | FH25: =L25 | FI25: 0.0025 | FJ25: =FI25*FH25 | FK25: =FG25-FJ25 | FL25: =FK25 | FM25: =FB25+FL25 | FO25: 21 | FP25: =FD25 | FQ25: =FX24 | FR25: 0 | FS25: =FQ25+FR25 | FT25: =K25 | FU25: 0.002 | FV25: =FT25*FU25 | FW25: =FS25-FV25 | FX25: =FW25 | FY25: 21 | FZ25: =FP25 | GA25: =GH24 | GB25: 0 | GC25: =GA25+GB25 | GD25: =L25 | GE25: 0.005 | GF25: =GE25*GD25 | GG25: =GC25-GF25 | GH25: =GG25 | GI25: =FX25+GH25 | GK25: 21 | GL25: =FZ25 | GM25: =GT24 | GN25: 0 | GO25: =GM25+GN25 | GP25: =K25 | GQ25: 0.005 | GR25: =GP25*GQ25 | GS25: =GO25-GR25 | GT25: =GS25 | GU25: 21 | GV25: =GL25 | GW25: =HD24 | GX25: 0 | GY25: =GW25+GX25 | GZ25: =L25 | HA25: 0.0075 | HB25: =HA25*GZ25 | HC25: =GY25-HB25 | HD25: =HC25 | HE25: =GT25+HD25 | HG25: 21 | HH25: =GV25 | HI25: =K25 | HJ25: 1 | HK25: =HI25*HJ25 | HL25: 0.89 | HM25: =HI25*HL25 | HN25: 0.7 | HO25: =HN25*HI25 | HP25: 2.59 | HQ25: =HI25*HP25 | HR25: 21 | HS25: 21/7/2023 | HT25: =L25 | HU25: 1.64 | HV25: =HT25*HU25 | HW25: 1.14 | HX25: =HT25*HW25 | HY25: 1.1 | HZ25: =HY25*HT25 | IA25: 3.11 | IB25: =HT25*IA25 | IC25: =HK25+HV25 | ID25: =HM25+HX25 | IE25: =HO25+HZ25 | IG25: =HH25 | IH25: cq/kokj | II25: gjcjk | IJ25: =IJ24 | IK25: =IJ25 | IL25: =K25 | IM25: =IL25*100 | IP25: =IL25*20 | IQ25: =IL25*0.3 | IR25: =IL25*0.4 | IS25: =IL25*1.5 | IT25: =IL25*5 | IU25: =IL25*2 | IV25: =IL25*2.08 | IX25: =IL25*2.08 | IZ25: =IG25 | JA25: cq/kokj | JB25: gjcjk | JC25: =JC24 | JD25: =JC25 | JE25: =L25 | JF25: =JE25*150 | JJ25: =JE25*0.25 | JK25: =JE25*0.4 | JL25: =JE25*2.5 | JM25: =JE25*7.5 | JN25: =JE25*4 | JO25: =JE25*3.11 | JQ25: =JE25*3.11
A26: cq/kokj | B26: 22/04/2026 | C26: 0 | D26: =C26 | E26: 0 | F26: 0 | G26: 0 | H26: =G26+F26+E26 | I26: cq/kokj | J26: 22/04/2026 | K26: =D26 | L26: =H26 | M26: =SUM(K26:L26) | N26: gjcjk | Q26: 22 | R26: 22/04/2026 | S26: =Z25 | T26: 0 | U26: =S26+T26 | V26: =K26 | W26: 0.1 | X26: =V26*W26 | Y26: =U26-X26 | Z26: =Y26 | AA26: 22 | AB26: =R26 | AC26: =AJ25 | AD26: 0 | AE26: =AC26+AD26 | AF26: =L26 | AG26: 0.15 | AH26: =AG26*AF26 | AI26: =AE26-AH26 | AJ26: =AI26 | AK26: =Z26+AJ26 | AM26: 22 | AN26: =AB26 | AO26: =AV25 | AP26: 0 | AQ26: =AO26+AP26 | AR26: 0 | AS26: 0.02 | AT26: =AR26*AS26 | AU26: =AQ26-AT26 | AV26: =AU26 | AW26: 22 | AX26: =AN26 | AY26: =BF25 | AZ26: 0 | BA26: =AY26+AZ26 | BB26: 0 | BC26: 0.03 | BD26: =BC26*BB26 | BE26: =BA26-BD26 | BF26: =BE26 | BG26: =AV26+BF26 | BI26: 22 | BJ26: =AX26 | BK26: =BR25 | BL26: 0 | BM26: =BK26+BL26 | BN26: 0 | BO26: 0.02 | BP26: =BN26*BO26 | BQ26: =BM26-BP26 | BR26: =BQ26 | BS26: 22 | BT26: =BJ26 | BU26: =CB25 | BV26: 0 | BW26: =BU26+BV26 | BX26: 0 | BY26: 0.03 | BZ26: =BY26*BX26 | CA26: =BW26-BZ26 | CB26: =CA26 | CC26: =BR26+CB26 | CE26: 22 | CF26: =BT26 | CG26: =CN25 | CH26: 0 | CI26: =CG26+CH26 | CJ26: =K26 | CK26: 0.02 | CL26: =CJ26*CK26 | CM26: =CI26-CL26 | CN26: =CM26 | CO26: 22 | CP26: =CF26 | CQ26: =CX25 | CR26: 0 | CS26: =CQ26+CR26 | CT26: =L26 | CU26: 0.03 | CV26: =CU26*CT26 | CW26: =CS26-CV26 | CX26: =CW26 | CY26: =CN26+CX26 | DA26: 22 | DB26: =CP26 | DC26: =DJ25 | DD26: 0 | DE26: =DC26+DD26 | DF26: =K26 | DG26: 0.0001 | DH26: =DF26*DG26 | DI26: =DE26-DH26 | DJ26: =DI26 | DK26: 22 | DL26: =DB26 | DM26: =DT25 | DN26: 0 | DO26: =DM26+DN26 | DP26: =L26 | DQ26: 0.0003 | DR26: =DQ26*DP26 | DS26: =DO26-DR26 | DT26: =DS26 | DU26: =DJ26+DT26 | DW26: 22 | DX26: =DL26 | DY26: =EF25 | DZ26: 0 | EA26: =DY26+DZ26 | EB26: =K26 | EC26: 0.0002 | ED26: =EB26*EC26 | EE26: =EA26-ED26 | EF26: =EE26 | EG26: 22 | EH26: =DX26 | EI26: =EP25 | EJ26: 0 | EK26: =EI26+EJ26 | EL26: =L26 | EM26: 0.0006 | EN26: =EM26*EL26 | EO26: =EK26-EN26 | EP26: =EO26 | EQ26: =EF26+EP26 | ES26: 22 | ET26: =EH26 | EU26: =FB25 | EV26: 0 | EW26: =EU26+EV26 | EX26: =K26 | EY26: 0.002 | EZ26: =EX26*EY26 | FA26: =EW26-EZ26 | FB26: =FA26 | FC26: 22 | FD26: =ET26 | FE26: =FL25 | FF26: 0 | FG26: =FE26+FF26 | FH26: =L26 | FI26: 0.0025 | FJ26: =FI26*FH26 | FK26: =FG26-FJ26 | FL26: =FK26 | FM26: =FB26+FL26 | FO26: 22 | FP26: =FD26 | FQ26: =FX25 | FR26: 0 | FS26: =FQ26+FR26 | FT26: =K26 | FU26: 0.002 | FV26: =FT26*FU26 | FW26: =FS26-FV26 | FX26: =FW26 | FY26: 22 | FZ26: =FP26 | GA26: =GH25 | GB26: 0 | GC26: =GA26+GB26 | GD26: =L26 | GE26: 0.005 | GF26: =GE26*GD26 | GG26: =GC26-GF26 | GH26: =GG26 | GI26: =FX26+GH26 | GK26: 22 | GL26: =FZ26 | GM26: =GT25 | GN26: 0 | GO26: =GM26+GN26 | GP26: =K26 | GQ26: 0.005 | GR26: =GP26*GQ26 | GS26: =GO26-GR26 | GT26: =GS26 | GU26: 22 | GV26: =GL26 | GW26: =HD25 | GX26: 0 | GY26: =GW26+GX26 | GZ26: =L26 | HA26: 0.0075 | HB26: =HA26*GZ26 | HC26: =GY26-HB26 | HD26: =HC26 | HE26: =GT26+HD26 | HG26: 22 | HH26: =GV26 | HI26: =K26 | HJ26: 1 | HK26: =HI26*HJ26 | HL26: 0.89 | HM26: =HI26*HL26 | HN26: 0.7 | HO26: =HN26*HI26 | HP26: 2.59 | HQ26: =HI26*HP26 | HR26: 22 | HS26: 22/7/2023 | HT26: =L26 | HU26: 1.64 | HV26: =HT26*HU26 | HW26: 1.14 | HX26: =HT26*HW26 | HY26: 1.1 | HZ26: =HY26*HT26 | IA26: 3.11 | IB26: =HT26*IA26 | IC26: =HK26+HV26 | ID26: =HM26+HX26 | IE26: =HO26+HZ26 | IG26: =HH26 | IH26: xq:okj | II26: elqj nkG | IJ26: =IJ25 | IK26: =IJ26 | IL26: =K26 | IM26: =IL26*100 | IN26: =IL26*20 | IQ26: =IL26*0.3 | IR26: =IL26*0.4 | IS26: =IL26*1.5 | IT26: =IL26*5 | IU26: =IL26*2 | IV26: =IL26*2.08 | IX26: =IL26*2.08 | IZ26: =IG26 | JA26: xq:okj | JB26: elqj nkG | JC26: =JC25 | JD26: =JC26 | JE26: =L26 | JF26: =JE26*150 | JG26: =JE26*30 | JJ26: =JE26*0.25 | JK26: =JE26*0.4 | JL26: =JE26*2.5 | JM26: =JE26*7.5 | JN26: =JE26*4 | JO26: =JE26*3.11 | JQ26: =JE26*3.11
A27: xq:okj | B27: 23/04/2026 | C27: 0 | D27: =C27 | E27: 0 | F27: 0 | G27: 0 | H27: =G27+F27+E27 | I27: xq:okj | J27: 23/04/2026 | K27: =D27 | L27: =H27 | M27: =SUM(K27:L27) | N27: elqj nkG | Q27: 23 | R27: 23/04/2026 | S27: =Z26 | T27: 0 | U27: =S27+T27 | V27: =K27 | W27: 0.1 | X27: =V27*W27 | Y27: =U27-X27 | Z27: =Y27 | AA27: 23 | AB27: =R27 | AC27: =AJ26 | AD27: 0 | AE27: =AC27+AD27 | AF27: =L27 | AG27: 0.15 | AH27: =AG27*AF27 | AI27: =AE27-AH27 | AJ27: =AI27 | AK27: =Z27+AJ27 | AM27: 23 | AN27: =AB27 | AO27: =AV26 | AP27: 0 | AQ27: =AO27+AP27 | AR27: 0 | AS27: 0.02 | AT27: =AR27*AS27 | AU27: =AQ27-AT27 | AV27: =AU27 | AW27: 23 | AX27: =AN27 | AY27: =BF26 | AZ27: 0 | BA27: =AY27+AZ27 | BB27: 0 | BC27: 0.03 | BD27: =BC27*BB27 | BE27: =BA27-BD27 | BF27: =BE27 | BG27: =AV27+BF27 | BI27: 23 | BJ27: =AX27 | BK27: =BR26 | BL27: 0 | BM27: =BK27+BL27 | BN27: =K27 | BO27: 0.02 | BP27: =BN27*BO27 | BQ27: =BM27-BP27 | BR27: =BQ27 | BS27: 23 | BT27: =BJ27 | BU27: =CB26 | BV27: 0 | BW27: =BU27+BV27 | BX27: =L27 | BY27: 0.03 | BZ27: =BY27*BX27 | CA27: =BW27-BZ27 | CB27: =CA27 | CC27: =BR27+CB27 | CE27: 23 | CF27: =BT27 | CG27: =CN26 | CH27: 0 | CI27: =CG27+CH27 | CJ27: 0 | CK27: 0.02 | CL27: =CJ27*CK27 | CM27: =CI27-CL27 | CN27: =CM27 | CO27: 23 | CP27: =CF27 | CQ27: =CX26 | CR27: 0 | CS27: =CQ27+CR27 | CT27: 0 | CU27: 0.03 | CV27: =CU27*CT27 | CW27: =CS27-CV27 | CX27: =CW27 | CY27: =CN27+CX27 | DA27: 23 | DB27: =CP27 | DC27: =DJ26 | DD27: 0 | DE27: =DC27+DD27 | DF27: =K27 | DG27: 0.0001 | DH27: =DF27*DG27 | DI27: =DE27-DH27 | DJ27: =DI27 | DK27: 23 | DL27: =DB27 | DM27: =DT26 | DN27: 0 | DO27: =DM27+DN27 | DP27: =L27 | DQ27: 0.0003 | DR27: =DQ27*DP27 | DS27: =DO27-DR27 | DT27: =DS27 | DU27: =DJ27+DT27 | DW27: 23 | DX27: =DL27 | DY27: =EF26 | DZ27: 0 | EA27: =DY27+DZ27 | EB27: =K27 | EC27: 0.0002 | ED27: =EB27*EC27 | EE27: =EA27-ED27 | EF27: =EE27 | EG27: 23 | EH27: =DX27 | EI27: =EP26 | EJ27: 0 | EK27: =EI27+EJ27 | EL27: =L27 | EM27: 0.0006 | EN27: =EM27*EL27 | EO27: =EK27-EN27 | EP27: =EO27 | EQ27: =EF27+EP27 | ES27: 23 | ET27: =EH27 | EU27: =FB26 | EV27: 0 | EW27: =EU27+EV27 | EX27: =K27 | EY27: 0.002 | EZ27: =EX27*EY27 | FA27: =EW27-EZ27 | FB27: =FA27 | FC27: 23 | FD27: =ET27 | FE27: =FL26 | FF27: 0 | FG27: =FE27+FF27 | FH27: =L27 | FI27: 0.0025 | FJ27: =FI27*FH27 | FK27: =FG27-FJ27 | FL27: =FK27 | FM27: =FB27+FL27 | FO27: 23 | FP27: =FD27 | FQ27: =FX26 | FR27: 0 | FS27: =FQ27+FR27 | FT27: =K27 | FU27: 0.002 | FV27: =FT27*FU27 | FW27: =FS27-FV27 | FX27: =FW27 | FY27: 23 | FZ27: =FP27 | GA27: =GH26 | GB27: 0 | GC27: =GA27+GB27 | GD27: =L27 | GE27: 0.005 | GF27: =GE27*GD27 | GG27: =GC27-GF27 | GH27: =GG27 | GI27: =FX27+GH27 | GK27: 23 | GL27: =FZ27 | GM27: =GT26 | GN27: 0 | GO27: =GM27+GN27 | GP27: =K27 | GQ27: 0.005 | GR27: =GP27*GQ27 | GS27: =GO27-GR27 | GT27: =GS27 | GU27: 23 | GV27: =GL27 | GW27: =HD26 | GX27: 0 | GY27: =GW27+GX27 | GZ27: =L27 | HA27: 0.0075 | HB27: =HA27*GZ27 | HC27: =GY27-HB27 | HD27: =HC27 | HE27: =GT27+HD27 | HG27: 23 | HH27: =GV27 | HI27: =K27 | HJ27: 1 | HK27: =HI27*HJ27 | HL27: 0.89 | HM27: =HI27*HL27 | HN27: 0.7 | HO27: =HN27*HI27 | HP27: 2.59 | HQ27: =HI27*HP27 | HR27: 23 | HS27: 23/7/2023 | HT27: =L27 | HU27: 1.64 | HV27: =HT27*HU27 | HW27: 1.14 | HX27: =HT27*HW27 | HY27: 1.1 | HZ27: =HY27*HT27 | IA27: 3.11 | IB27: =HT27*IA27 | IC27: =HK27+HV27 | ID27: =HM27+HX27 | IE27: =HO27+HZ27 | IG27: =HH27 | IH27: 'kqdzokj | II27: okVk.kk | IJ27: =IJ26 | IK27: =IJ27 | IL27: =K27 | IM27: =IL27*100 | IO27: =IL27*20 | IQ27: =IL27*0.3 | IR27: =IL27*0.4 | IS27: =IL27*1.5 | IT27: =IL27*5 | IU27: =IL27*2 | IV27: =IL27*2.08 | IX27: =IL27*2.08 | IZ27: =IG27 | JA27: 'kqdzokj | JB27: okVk.kk | JC27: =JC26 | JD27: =JC27 | JE27: =L27 | JF27: =JE27*150 | JH27: =JE27*30 | JJ27: =JE27*0.25 | JK27: =JE27*0.4 | JL27: =JE27*2.5 | JM27: =JE27*7.5 | JN27: =JE27*4 | JO27: =JE27*3.11 | JQ27: =JE27*3.11
A28: 'kqdzokj | B28: 24/04/2026 | C28: 0 | D28: =C28 | E28: 0 | F28: 0 | G28: 0 | H28: =G28+F28+E28 | I28: 'kqdzokj | J28: 24/04/2026 | K28: =D28 | L28: =H28 | M28: =SUM(K28:L28) | N28: elqj nkG | Q28: 24 | R28: 24/04/2026 | S28: =Z27 | T28: 0 | U28: =S28+T28 | V28: =K28 | W28: 0.1 | X28: =V28*W28 | Y28: =U28-X28 | Z28: =Y28 | AA28: 24 | AB28: =R28 | AC28: =AJ27 | AD28: 0 | AE28: =AC28+AD28 | AF28: =L28 | AG28: 0.15 | AH28: =AG28*AF28 | AI28: =AE28-AH28 | AJ28: =AI28 | AK28: =Z28+AJ28 | AM28: 24 | AN28: =AB28 | AO28: =AV27 | AP28: 0 | AQ28: =AO28+AP28 | AR28: 0 | AS28: 0.02 | AT28: =AR28*AS28 | AU28: =AQ28-AT28 | AV28: =AU28 | AW28: 24 | AX28: =AN28 | AY28: =BF27 | AZ28: 0 | BA28: =AY28+AZ28 | BB28: 0 | BC28: 0.03 | BD28: =BC28*BB28 | BE28: =BA28-BD28 | BF28: =BE28 | BG28: =AV28+BF28 | BI28: 24 | BJ28: =AX28 | BK28: =BR27 | BL28: 0 | BM28: =BK28+BL28 | BN28: 0 | BO28: 0.02 | BP28: =BN28*BO28 | BQ28: =BM28-BP28 | BR28: =BQ28 | BS28: 24 | BT28: =BJ28 | BU28: =CB27 | BV28: 0 | BW28: =BU28+BV28 | BX28: 0 | BY28: 0.03 | BZ28: =BY28*BX28 | CA28: =BW28-BZ28 | CB28: =CA28 | CC28: =BR28+CB28 | CE28: 24 | CF28: =BT28 | CG28: =CN27 | CH28: 0 | CI28: =CG28+CH28 | CJ28: =K28 | CK28: 0.02 | CL28: =CJ28*CK28 | CM28: =CI28-CL28 | CN28: =CM28 | CO28: 24 | CP28: =CF28 | CQ28: =CX27 | CR28: 0 | CS28: =CQ28+CR28 | CT28: =L28 | CU28: 0.03 | CV28: =CU28*CT28 | CW28: =CS28-CV28 | CX28: =CW28 | CY28: =CN28+CX28 | DA28: 24 | DB28: =CP28 | DC28: =DJ27 | DD28: 0 | DE28: =DC28+DD28 | DF28: =K28 | DG28: 0.0001 | DH28: =DF28*DG28 | DI28: =DE28-DH28 | DJ28: =DI28 | DK28: 24 | DL28: =DB28 | DM28: =DT27 | DN28: 0 | DO28: =DM28+DN28 | DP28: =L28 | DQ28: 0.0003 | DR28: =DQ28*DP28 | DS28: =DO28-DR28 | DT28: =DS28 | DU28: =DJ28+DT28 | DW28: 24 | DX28: =DL28 | DY28: =EF27 | DZ28: 0 | EA28: =DY28+DZ28 | EB28: =K28 | EC28: 0.0002 | ED28: =EB28*EC28 | EE28: =EA28-ED28 | EF28: =EE28 | EG28: 24 | EH28: =DX28 | EI28: =EP27 | EJ28: 0 | EK28: =EI28+EJ28 | EL28: =L28 | EM28: 0.0006 | EN28: =EM28*EL28 | EO28: =EK28-EN28 | EP28: =EO28 | EQ28: =EF28+EP28 | ES28: 24 | ET28: =EH28 | EU28: =FB27 | EV28: 0 | EW28: =EU28+EV28 | EX28: =K28 | EY28: 0.002 | EZ28: =EX28*EY28 | FA28: =EW28-EZ28 | FB28: =FA28 | FC28: 24 | FD28: =ET28 | FE28: =FL27 | FF28: 0 | FG28: =FE28+FF28 | FH28: =L28 | FI28: 0.0025 | FJ28: =FI28*FH28 | FK28: =FG28-FJ28 | FL28: =FK28 | FM28: =FB28+FL28 | FO28: 24 | FP28: =FD28 | FQ28: =FX27 | FR28: 0 | FS28: =FQ28+FR28 | FT28: =K28 | FU28: 0.002 | FV28: =FT28*FU28 | FW28: =FS28-FV28 | FX28: =FW28 | FY28: 24 | FZ28: =FP28 | GA28: =GH27 | GB28: 0 | GC28: =GA28+GB28 | GD28: =L28 | GE28: 0.005 | GF28: =GE28*GD28 | GG28: =GC28-GF28 | GH28: =GG28 | GI28: =FX28+GH28 | GK28: 24 | GL28: =FZ28 | GM28: =GT27 | GN28: 0 | GO28: =GM28+GN28 | GP28: =K28 | GQ28: 0.005 | GR28: =GP28*GQ28 | GS28: =GO28-GR28 | GT28: =GS28 | GU28: 24 | GV28: =GL28 | GW28: =HD27 | GX28: 0 | GY28: =GW28+GX28 | GZ28: =L28 | HA28: 0.0075 | HB28: =HA28*GZ28 | HC28: =GY28-HB28 | HD28: =HC28 | HE28: =GT28+HD28 | HG28: 24 | HH28: =GV28 | HI28: =K28 | HJ28: 1 | HK28: =HI28*HJ28 | HL28: 0.89 | HM28: =HI28*HL28 | HN28: 0.7 | HO28: =HN28*HI28 | HP28: 2.59 | HQ28: =HI28*HP28 | HR28: 24 | HS28: 24/7/2023 | HT28: =L28 | HU28: 1.64 | HV28: =HT28*HU28 | HW28: 1.14 | HX28: =HT28*HW28 | HY28: 1.1 | HZ28: =HY28*HT28 | IA28: 3.11 | IB28: =HT28*IA28 | IC28: =HK28+HV28 | ID28: =HM28+HX28 | IE28: =HO28+HZ28 | IG28: =HH28 | IH28: 'kfuokj | II28: gjcjk | IJ28: =IJ27 | IK28: =IJ28 | IL28: =K28 | IM28: =IL28*100 | IP28: =IL28*20 | IQ28: =IL28*0.3 | IR28: =IL28*0.4 | IS28: =IL28*1.5 | IT28: =IL28*5 | IU28: =IL28*2 | IV28: =IL28*2.08 | IX28: =IL28*2.08 | IZ28: =IG28 | JA28: 'kfuokj | JB28: gjcjk | JC28: =JC27 | JD28: =JC28 | JE28: =L28 | JF28: =JE28*150 | JI28: =JE28*30 | JJ28: =JE28*0.25 | JK28: =JE28*0.4 | JL28: =JE28*2.5 | JM28: =JE28*7.5 | JN28: =JE28*4 | JO28: =JE28*3.11 | JQ28: =JE28*3.11
A29: 'kfuokj | B29: 25/04/2026 | C29: 0 | D29: =C29 | E29: 0 | F29: 0 | G29: 0 | H29: =G29+F29+E29 | I29: 'kfuokj | J29: 25/04/2026 | K29: =D29 | L29: =H29 | M29: =SUM(K29:L29) | N29: poGh | Q29: 25 | R29: 25/04/2026 | S29: =Z28 | T29: 0 | U29: =S29+T29 | V29: =K29 | W29: 0.1 | X29: =V29*W29 | Y29: =U29-X29 | Z29: =Y29 | AA29: 25 | AB29: =R29 | AC29: =AJ28 | AD29: 0 | AE29: =AC29+AD29 | AF29: =L29 | AG29: 0.15 | AH29: =AG29*AF29 | AI29: =AE29-AH29 | AJ29: =AI29 | AK29: =Z29+AJ29 | AM29: 25 | AN29: =AB29 | AO29: =AV28 | AP29: 0 | AQ29: =AO29+AP29 | AR29: =K29 | AS29: 0.02 | AT29: =AR29*AS29 | AU29: =AQ29-AT29 | AV29: =AU29 | AW29: 25 | AX29: =AN29 | AY29: =BF28 | AZ29: 0 | BA29: =AY29+AZ29 | BB29: =L29 | BC29: 0.03 | BD29: =BC29*BB29 | BE29: =BA29-BD29 | BF29: =BE29 | BG29: =AV29+BF29 | BI29: 25 | BJ29: =AX29 | BK29: =BR28 | BL29: 0 | BM29: =BK29+BL29 | BN29: 0 | BO29: 0.02 | BP29: =BN29*BO29 | BQ29: =BM29-BP29 | BR29: =BQ29 | BS29: 25 | BT29: =BJ29 | BU29: =CB28 | BV29: 0 | BW29: =BU29+BV29 | BX29: 0 | BY29: 0.03 | BZ29: =BY29*BX29 | CA29: =BW29-BZ29 | CB29: =CA29 | CC29: =BR29+CB29 | CE29: 25 | CF29: =BT29 | CG29: =CN28 | CH29: 0 | CI29: =CG29+CH29 | CJ29: 0 | CK29: 0.02 | CL29: =CJ29*CK29 | CM29: =CI29-CL29 | CN29: =CM29 | CO29: 25 | CP29: =CF29 | CQ29: =CX28 | CR29: 0 | CS29: =CQ29+CR29 | CT29: 0 | CU29: 0.03 | CV29: =CU29*CT29 | CW29: =CS29-CV29 | CX29: =CW29 | CY29: =CN29+CX29 | DA29: 25 | DB29: =CP29 | DC29: =DJ28 | DD29: 0 | DE29: =DC29+DD29 | DF29: =K29 | DG29: 0.0001 | DH29: =DF29*DG29 | DI29: =DE29-DH29 | DJ29: =DI29 | DK29: 25 | DL29: =DB29 | DM29: =DT28 | DN29: 0 | DO29: =DM29+DN29 | DP29: =L29 | DQ29: 0.0003 | DR29: =DQ29*DP29 | DS29: =DO29-DR29 | DT29: =DS29 | DU29: =DJ29+DT29 | DW29: 25 | DX29: =DL29 | DY29: =EF28 | DZ29: 0 | EA29: =DY29+DZ29 | EB29: =K29 | EC29: 0.0002 | ED29: =EB29*EC29 | EE29: =EA29-ED29 | EF29: =EE29 | EG29: 25 | EH29: =DX29 | EI29: =EP28 | EJ29: 0 | EK29: =EI29+EJ29 | EL29: =L29 | EM29: 0.0006 | EN29: =EM29*EL29 | EO29: =EK29-EN29 | EP29: =EO29 | EQ29: =EF29+EP29 | ES29: 25 | ET29: =EH29 | EU29: =FB28 | EV29: 0 | EW29: =EU29+EV29 | EX29: =K29 | EY29: 0.002 | EZ29: =EX29*EY29 | FA29: =EW29-EZ29 | FB29: =FA29 | FC29: 25 | FD29: =ET29 | FE29: =FL28 | FF29: 0 | FG29: =FE29+FF29 | FH29: =L29 | FI29: 0.0025 | FJ29: =FI29*FH29 | FK29: =FG29-FJ29 | FL29: =FK29 | FM29: =FB29+FL29 | FO29: 25 | FP29: =FD29 | FQ29: =FX28 | FR29: 0 | FS29: =FQ29+FR29 | FT29: =K29 | FU29: 0.002 | FV29: =FT29*FU29 | FW29: =FS29-FV29 | FX29: =FW29 | FY29: 25 | FZ29: =FP29 | GA29: =GH28 | GB29: 0 | GC29: =GA29+GB29 | GD29: =L29 | GE29: 0.005 | GF29: =GE29*GD29 | GG29: =GC29-GF29 | GH29: =GG29 | GI29: =FX29+GH29 | GK29: 25 | GL29: =FZ29 | GM29: =GT28 | GN29: 0 | GO29: =GM29+GN29 | GP29: =K29 | GQ29: 0.005 | GR29: =GP29*GQ29 | GS29: =GO29-GR29 | GT29: =GS29 | GU29: 25 | GV29: =GL29 | GW29: =HD28 | GX29: 0 | GY29: =GW29+GX29 | GZ29: =L29 | HA29: 0.0075 | HB29: =HA29*GZ29 | HC29: =GY29-HB29 | HD29: =HC29 | HE29: =GT29+HD29 | HG29: 25 | HH29: =GV29 | HI29: =K29 | HJ29: 1 | HK29: =HI29*HJ29 | HL29: 0.89 | HM29: =HI29*HL29 | HN29: 0.7 | HO29: =HN29*HI29 | HP29: 2.59 | HQ29: =HI29*HP29 | HR29: 25 | HS29: 25/7/2023 | HT29: =L29 | HU29: 1.64 | HV29: =HT29*HU29 | HW29: 1.14 | HX29: =HT29*HW29 | HY29: 1.1 | HZ29: =HY29*HT29 | IA29: 3.11 | IB29: =HT29*IA29 | IC29: =HK29+HV29 | ID29: =HM29+HX29 | IE29: =HO29+HZ29 | IG29: =HH29 | IH29: jfookj | IJ29: =IJ28 | IK29: =IJ29 | IL29: =K29 | IM29: =IL29*100 | IN29: =IL29*20 | IQ29: =IL29*0.3 | IR29: =IL29*0.4 | IS29: =IL29*1.5 | IT29: =IL29*5 | IU29: =IL29*2 | IV29: =IL29*2.08 | IX29: =IL29*2.08 | IZ29: =IG29 | JA29: jfookj | JC29: =JC28 | JD29: =JC29 | JE29: =L29 | JF29: =JE29*150 | JG29: =JE29*30 | JJ29: =JE29*0.25 | JK29: =JE29*0.4 | JL29: =JE29*2.5 | JM29: =JE29*7.5 | JN29: =JE29*4 | JO29: =JE29*3.11 | JQ29: =JE29*3.11
A30: jfookj | B30: 26/04/2026 | C30: 0 | D30: =C30 | E30: 0 | F30: 0 | G30: 0 | H30: =G30+F30+E30 | I30: jfookj | J30: 26/04/2026 | K30: =D30 | L30: =H30 | M30: =SUM(K30:L30) | Q30: 26 | R30: 26/04/2026 | S30: =Z29 | T30: 0 | U30: =S30+T30 | V30: =K30 | W30: 0.1 | X30: =V30*W30 | Y30: =U30-X30 | Z30: =Y30 | AA30: 26 | AB30: =R30 | AC30: =AJ29 | AD30: 0 | AE30: =AC30+AD30 | AF30: =L30 | AG30: 0.15 | AH30: =AG30*AF30 | AI30: =AE30-AH30 | AJ30: =AI30 | AK30: =Z30+AJ30 | AM30: 26 | AN30: =AB30 | AO30: =AV29 | AP30: 0 | AQ30: =AO30+AP30 | AR30: 0 | AS30: 0.02 | AT30: =AR30*AS30 | AU30: =AQ30-AT30 | AV30: =AU30 | AW30: 26 | AX30: =AN30 | AY30: =BF29 | AZ30: 0 | BA30: =AY30+AZ30 | BB30: 0 | BC30: 0.03 | BD30: =BC30*BB30 | BE30: =BA30-BD30 | BF30: =BE30 | BG30: =AV30+BF30 | BI30: 26 | BJ30: =AX30 | BK30: =BR29 | BL30: 0 | BM30: =BK30+BL30 | BN30: 0 | BO30: 0.02 | BP30: =BN30*BO30 | BQ30: =BM30-BP30 | BR30: =BQ30 | BS30: 26 | BT30: =BJ30 | BU30: =CB29 | BV30: 0 | BW30: =BU30+BV30 | BX30: 0 | BY30: 0.03 | BZ30: =BY30*BX30 | CA30: =BW30-BZ30 | CB30: =CA30 | CC30: =BR30+CB30 | CE30: 26 | CF30: =BT30 | CG30: =CN29 | CH30: 0 | CI30: =CG30+CH30 | CJ30: 0 | CK30: 0.02 | CL30: =CJ30*CK30 | CM30: =CI30-CL30 | CN30: =CM30 | CO30: 26 | CP30: =CF30 | CQ30: =CX29 | CR30: 0 | CS30: =CQ30+CR30 | CT30: 0 | CU30: 0.03 | CV30: =CU30*CT30 | CW30: =CS30-CV30 | CX30: =CW30 | CY30: =CN30+CX30 | DA30: 26 | DB30: =CP30 | DC30: =DJ29 | DD30: 0 | DE30: =DC30+DD30 | DF30: =K30 | DG30: 0.0001 | DH30: =DF30*DG30 | DI30: =DE30-DH30 | DJ30: =DI30 | DK30: 26 | DL30: =DB30 | DM30: =DT29 | DN30: 0 | DO30: =DM30+DN30 | DP30: =L30 | DQ30: 0.0003 | DR30: =DQ30*DP30 | DS30: =DO30-DR30 | DT30: =DS30 | DU30: =DJ30+DT30 | DW30: 26 | DX30: =DL30 | DY30: =EF29 | DZ30: 0 | EA30: =DY30+DZ30 | EB30: =K30 | EC30: 0.0002 | ED30: =EB30*EC30 | EE30: =EA30-ED30 | EF30: =EE30 | EG30: 26 | EH30: =DX30 | EI30: =EP29 | EJ30: 0 | EK30: =EI30+EJ30 | EL30: =L30 | EM30: 0.0006 | EN30: =EM30*EL30 | EO30: =EK30-EN30 | EP30: =EO30 | EQ30: =EF30+EP30 | ES30: 26 | ET30: =EH30 | EU30: =FB29 | EV30: 0 | EW30: =EU30+EV30 | EX30: =K30 | EY30: 0.002 | EZ30: =EX30*EY30 | FA30: =EW30-EZ30 | FB30: =FA30 | FC30: 26 | FD30: =ET30 | FE30: =FL29 | FF30: 0 | FG30: =FE30+FF30 | FH30: =L30 | FI30: 0.0025 | FJ30: =FI30*FH30 | FK30: =FG30-FJ30 | FL30: =FK30 | FM30: =FB30+FL30 | FO30: 26 | FP30: =FD30 | FQ30: =FX29 | FR30: 0 | FS30: =FQ30+FR30 | FT30: =K30 | FU30: 0.002 | FV30: =FT30*FU30 | FW30: =FS30-FV30 | FX30: =FW30 | FY30: 26 | FZ30: =FP30 | GA30: =GH29 | GB30: 0 | GC30: =GA30+GB30 | GD30: =L30 | GE30: 0.005 | GF30: =GE30*GD30 | GG30: =GC30-GF30 | GH30: =GG30 | GI30: =FX30+GH30 | GK30: 26 | GL30: =FZ30 | GM30: =GT29 | GN30: 0 | GO30: =GM30+GN30 | GP30: =K30 | GQ30: 0.005 | GR30: =GP30*GQ30 | GS30: =GO30-GR30 | GT30: =GS30 | GU30: 26 | GV30: =GL30 | GW30: =HD29 | GX30: 0 | GY30: =GW30+GX30 | GZ30: =L30 | HA30: 0.0075 | HB30: =HA30*GZ30 | HC30: =GY30-HB30 | HD30: =HC30 | HE30: =GT30+HD30 | HG30: 26 | HH30: =GV30 | HI30: =K30 | HJ30: 1 | HK30: =HI30*HJ30 | HL30: 0.89 | HM30: =HI30*HL30 | HN30: 0.7 | HO30: =HN30*HI30 | HP30: 2.59 | HQ30: =HI30*HP30 | HR30: 26 | HS30: 26/7/2023 | HT30: =L30 | HU30: 1.64 | HV30: =HT30*HU30 | HW30: 1.14 | HX30: =HT30*HW30 | HY30: 1.1 | HZ30: =HY30*HT30 | IA30: 3.11 | IB30: =HT30*IA30 | IC30: =HK30+HV30 | ID30: =HM30+HX30 | IE30: =HO30+HZ30 | IG30: =HH30 | IH30: lkseokj | II30: elqj nkG | IJ30: =IJ29 | IK30: =IJ30 | IL30: =K30 | IM30: =IL30*100 | IN30: =IL30*20 | IQ30: =IL30*0.3 | IR30: =IL30*0.4 | IS30: =IL30*1.5 | IT30: =IL30*5 | IU30: =IL30*2 | IV30: =IL30*2.08 | IX30: =IL30*2.08 | IZ30: =IG30 | JA30: lkseokj | JB30: elqj nkG | JC30: =JC29 | JD30: =JC30 | JE30: =L30 | JF30: =JE30*150 | JH30: =JE30*30 | JJ30: =JE30*0.25 | JK30: =JE30*0.4 | JL30: =JE30*2.5 | JM30: =JE30*7.5 | JN30: =JE30*4 | JO30: =JE30*3.11 | JQ30: =JE30*3.11
A31: lkseokj | B31: 27/04/2026 | C31: 0 | D31: =C31 | E31: 0 | F31: 0 | G31: 0 | H31: =G31+F31+E31 | I31: lkseokj | J31: 27/04/2026 | K31: =D31 | L31: =H31 | M31: =SUM(K31:L31) | N31: elqj nkG | Q31: 27 | R31: 27/04/2026 | S31: =Z30 | T31: 0 | U31: =S31+T31 | V31: =K31 | W31: 0.1 | X31: =V31*W31 | Y31: =U31-X31 | Z31: =Y31 | AA31: 27 | AB31: =R31 | AC31: =AJ30 | AD31: 0 | AE31: =AC31+AD31 | AF31: =L31 | AG31: 0.15 | AH31: =AG31*AF31 | AI31: =AE31-AH31 | AJ31: =AI31 | AK31: =Z31+AJ31 | AM31: 27 | AN31: =AB31 | AO31: =AV30 | AP31: 0 | AQ31: =AO31+AP31 | AR31: 0 | AS31: 0.02 | AT31: =AR31*AS31 | AU31: =AQ31-AT31 | AV31: =AU31 | AW31: 27 | AX31: =AN31 | AY31: =BF30 | AZ31: 0 | BA31: =AY31+AZ31 | BB31: 0 | BC31: 0.03 | BD31: =BC31*BB31 | BE31: =BA31-BD31 | BF31: =BE31 | BG31: =AV31+BF31 | BI31: 27 | BJ31: =AX31 | BK31: =BR30 | BL31: 0 | BM31: =BK31+BL31 | BN31: =K31 | BO31: 0.02 | BP31: =BN31*BO31 | BQ31: =BM31-BP31 | BR31: =BQ31 | BS31: 27 | BT31: =BJ31 | BU31: =CB30 | BV31: 0 | BW31: =BU31+BV31 | BX31: =L31 | BY31: 0.03 | BZ31: =BY31*BX31 | CA31: =BW31-BZ31 | CB31: =CA31 | CC31: =BR31+CB31 | CE31: 27 | CF31: =BT31 | CG31: =CN30 | CH31: 0 | CI31: =CG31+CH31 | CJ31: 0 | CK31: 0.02 | CL31: =CJ31*CK31 | CM31: =CI31-CL31 | CN31: =CM31 | CO31: 27 | CP31: =CF31 | CQ31: =CX30 | CR31: 0 | CS31: =CQ31+CR31 | CT31: 0 | CU31: 0.03 | CV31: =CU31*CT31 | CW31: =CS31-CV31 | CX31: =CW31 | CY31: =CN31+CX31 | DA31: 27 | DB31: =CP31 | DC31: =DJ30 | DD31: 0 | DE31: =DC31+DD31 | DF31: =K31 | DG31: 0.0001 | DH31: =DF31*DG31 | DI31: =DE31-DH31 | DJ31: =DI31 | DK31: 27 | DL31: =DB31 | DM31: =DT30 | DN31: 0 | DO31: =DM31+DN31 | DP31: =L31 | DQ31: 0.0003 | DR31: =DQ31*DP31 | DS31: =DO31-DR31 | DT31: =DS31 | DU31: =DJ31+DT31 | DW31: 27 | DX31: =DL31 | DY31: =EF30 | DZ31: 0 | EA31: =DY31+DZ31 | EB31: =K31 | EC31: 0.0002 | ED31: =EB31*EC31 | EE31: =EA31-ED31 | EF31: =EE31 | EG31: 27 | EH31: =DX31 | EI31: =EP30 | EJ31: 0 | EK31: =EI31+EJ31 | EL31: =L31 | EM31: 0.0006 | EN31: =EM31*EL31 | EO31: =EK31-EN31 | EP31: =EO31 | EQ31: =EF31+EP31 | ES31: 27 | ET31: =EH31 | EU31: =FB30 | EV31: 0 | EW31: =EU31+EV31 | EX31: =K31 | EY31: 0.002 | EZ31: =EX31*EY31 | FA31: =EW31-EZ31 | FB31: =FA31 | FC31: 27 | FD31: =ET31 | FE31: =FL30 | FF31: 0 | FG31: =FE31+FF31 | FH31: =L31 | FI31: 0.0025 | FJ31: =FI31*FH31 | FK31: =FG31-FJ31 | FL31: =FK31 | FM31: =FB31+FL31 | FO31: 27 | FP31: =FD31 | FQ31: =FX30 | FR31: 0 | FS31: =FQ31+FR31 | FT31: =K31 | FU31: 0.002 | FV31: =FT31*FU31 | FW31: =FS31-FV31 | FX31: =FW31 | FY31: 27 | FZ31: =FP31 | GA31: =GH30 | GB31: 0 | GC31: =GA31+GB31 | GD31: =L31 | GE31: 0.005 | GF31: =GE31*GD31 | GG31: =GC31-GF31 | GH31: =GG31 | GI31: =FX31+GH31 | GK31: 27 | GL31: =FZ31 | GM31: =GT30 | GN31: 0 | GO31: =GM31+GN31 | GP31: =K31 | GQ31: 0.005 | GR31: =GP31*GQ31 | GS31: =GO31-GR31 | GT31: =GS31 | GU31: 27 | GV31: =GL31 | GW31: =HD30 | GX31: 0 | GY31: =GW31+GX31 | GZ31: =L31 | HA31: 0.0075 | HB31: =HA31*GZ31 | HC31: =GY31-HB31 | HD31: =HC31 | HE31: =GT31+HD31 | HG31: 27 | HH31: =GV31 | HI31: =K31 | HJ31: 1 | HK31: =HI31*HJ31 | HL31: 0.89 | HM31: =HI31*HL31 | HN31: 0.7 | HO31: =HN31*HI31 | HP31: 2.59 | HQ31: =HI31*HP31 | HR31: 27 | HS31: 27/7/2023 | HT31: =L31 | HU31: 1.64 | HV31: =HT31*HU31 | HW31: 1.14 | HX31: =HT31*HW31 | HY31: 1.1 | HZ31: =HY31*HT31 | IA31: 3.11 | IB31: =HT31*IA31 | IC31: =HK31+HV31 | ID31: =HM31+HX31 | IE31: =HO31+HZ31 | IG31: =HH31 | IH31: eaxGokj | II31: okVk.kk | IJ31: =IJ30 | IK31: =IJ31 | IL31: =K31 | IM31: =IL31*100 | IO31: =IL31*20 | IQ31: =IL31*0.3 | IR31: =IL31*0.4 | IS31: =IL31*1.5 | IT31: =IL31*5 | IU31: =IL31*2 | IV31: =IL31*2.08 | IX31: =IL31*2.08 | IZ31: =IG31 | JA31: eaxGokj | JB31: okVk.kk | JC31: =JC30 | JD31: =JC31 | JE31: =L31 | JF31: =JE31*150 | JI31: =JE31*30 | JJ31: =JE31*0.25 | JK31: =JE31*0.4 | JL31: =JE31*2.5 | JM31: =JE31*7.5 | JN31: =JE31*4 | JO31: =JE31*3.11 | JQ31: =JE31*3.11
A32: eaxGokj | B32: 28/04/2026 | C32: 0 | D32: =C32 | E32: 0 | F32: 0 | G32: 0 | H32: =G32+F32+E32 | I32: eaxGokj | J32: 28/04/2026 | K32: =D32 | L32: =H32 | M32: =SUM(K32:L32) | N32: poGh | Q32: 28 | R32: 28/04/2026 | S32: =Z31 | T32: 0 | U32: =S32+T32 | V32: =K32 | W32: 0.1 | X32: =V32*W32 | Y32: =U32-X32 | Z32: =Y32 | AA32: 28 | AB32: =R32 | AC32: =AJ31 | AD32: 0 | AE32: =AC32+AD32 | AF32: =L32 | AG32: 0.15 | AH32: =AG32*AF32 | AI32: =AE32-AH32 | AJ32: =AI32 | AK32: =Z32+AJ32 | AM32: 28 | AN32: =AB32 | AO32: =AV31 | AP32: 0 | AQ32: =AO32+AP32 | AR32: =K32 | AS32: 0.02 | AT32: =AR32*AS32 | AU32: =AQ32-AT32 | AV32: =AU32 | AW32: 28 | AX32: =AN32 | AY32: =BF31 | AZ32: 0 | BA32: =AY32+AZ32 | BB32: =L32 | BC32: 0.03 | BD32: =BC32*BB32 | BE32: =BA32-BD32 | BF32: =BE32 | BG32: =AV32+BF32 | BI32: 28 | BJ32: =AX32 | BK32: =BR31 | BL32: 0 | BM32: =BK32+BL32 | BN32: 0 | BO32: 0.02 | BP32: =BN32*BO32 | BQ32: =BM32-BP32 | BR32: =BQ32 | BS32: 28 | BT32: =BJ32 | BU32: =CB31 | BV32: 0 | BW32: =BU32+BV32 | BX32: 0 | BY32: 0.03 | BZ32: =BY32*BX32 | CA32: =BW32-BZ32 | CB32: =CA32 | CC32: =BR32+CB32 | CE32: 28 | CF32: =BT32 | CG32: =CN31 | CH32: 0 | CI32: =CG32+CH32 | CJ32: 0 | CK32: 0.02 | CL32: =CJ32*CK32 | CM32: =CI32-CL32 | CN32: =CM32 | CO32: 28 | CP32: =CF32 | CQ32: =CX31 | CR32: 0 | CS32: =CQ32+CR32 | CT32: 0 | CU32: 0.03 | CV32: =CU32*CT32 | CW32: =CS32-CV32 | CX32: =CW32 | CY32: =CN32+CX32 | DA32: 28 | DB32: =CP32 | DC32: =DJ31 | DD32: 0 | DE32: =DC32+DD32 | DF32: =K32 | DG32: 0.0001 | DH32: =DF32*DG32 | DI32: =DE32-DH32 | DJ32: =DI32 | DK32: 28 | DL32: =DB32 | DM32: =DT31 | DN32: 0 | DO32: =DM32+DN32 | DP32: =L32 | DQ32: 0.0003 | DR32: =DQ32*DP32 | DS32: =DO32-DR32 | DT32: =DS32 | DU32: =DJ32+DT32 | DW32: 28 | DX32: =DL32 | DY32: =EF31 | DZ32: 0 | EA32: =DY32+DZ32 | EB32: =K32 | EC32: 0.0002 | ED32: =EB32*EC32 | EE32: =EA32-ED32 | EF32: =EE32 | EG32: 28 | EH32: =DX32 | EI32: =EP31 | EJ32: 0 | EK32: =EI32+EJ32 | EL32: =L32 | EM32: 0.0006 | EN32: =EM32*EL32 | EO32: =EK32-EN32 | EP32: =EO32 | EQ32: =EF32+EP32 | ES32: 28 | ET32: =EH32 | EU32: =FB31 | EV32: 0 | EW32: =EU32+EV32 | EX32: =K32 | EY32: 0.002 | EZ32: =EX32*EY32 | FA32: =EW32-EZ32 | FB32: =FA32 | FC32: 28 | FD32: =ET32 | FE32: =FL31 | FF32: 0 | FG32: =FE32+FF32 | FH32: =L32 | FI32: 0.0025 | FJ32: =FI32*FH32 | FK32: =FG32-FJ32 | FL32: =FK32 | FM32: =FB32+FL32 | FO32: 28 | FP32: =FD32 | FQ32: =FX31 | FR32: 0 | FS32: =FQ32+FR32 | FT32: =K32 | FU32: 0.002 | FV32: =FT32*FU32 | FW32: =FS32-FV32 | FX32: =FW32 | FY32: 28 | FZ32: =FP32 | GA32: =GH31 | GB32: 0 | GC32: =GA32+GB32 | GD32: =L32 | GE32: 0.005 | GF32: =GE32*GD32 | GG32: =GC32-GF32 | GH32: =GG32 | GI32: =FX32+GH32 | GK32: 28 | GL32: =FZ32 | GM32: =GT31 | GN32: 0 | GO32: =GM32+GN32 | GP32: =K32 | GQ32: 0.005 | GR32: =GP32*GQ32 | GS32: =GO32-GR32 | GT32: =GS32 | GU32: 28 | GV32: =GL32 | GW32: =HD31 | GX32: 0 | GY32: =GW32+GX32 | GZ32: =L32 | HA32: 0.0075 | HB32: =HA32*GZ32 | HC32: =GY32-HB32 | HD32: =HC32 | HE32: =GT32+HD32 | HG32: 28 | HH32: =GV32 | HI32: =K32 | HJ32: 1 | HK32: =HI32*HJ32 | HL32: 0.89 | HM32: =HI32*HL32 | HN32: 0.7 | HO32: =HN32*HI32 | HP32: 2.59 | HQ32: =HI32*HP32 | HR32: 28 | HS32: 28/7/2023 | HT32: =L32 | HU32: 1.64 | HV32: =HT32*HU32 | HW32: 1.14 | HX32: =HT32*HW32 | HY32: 1.1 | HZ32: =HY32*HT32 | IA32: 3.11 | IB32: =HT32*IA32 | IC32: =HK32+HV32 | ID32: =HM32+HX32 | IE32: =HO32+HZ32 | IG32: =HH32 | IH32: cq/kokj | II32: gjcjk | IJ32: =IJ31 | IK32: =IJ32 | IL32: =K32 | IM32: =IL32*100 | IP32: =IL32*20 | IQ32: =IL32*0.3 | IR32: =IL32*0.4 | IS32: =IL32*1.5 | IT32: =IL32*5 | IU32: =IL32*2 | IV32: =IL32*2.08 | IX32: =IL32*2.08 | IZ32: =IG32 | JA32: cq/kokj | JB32: gjcjk | JC32: =JC31 | JD32: =JC32 | JE32: =L32 | JF32: =JE32*150 | JG32: =JE32*30 | JJ32: =JE32*0.25 | JK32: =JE32*0.4 | JL32: =JE32*2.5 | JM32: =JE32*7.5 | JN32: =JE32*4 | JO32: =JE32*3.11 | JQ32: =JE32*3.11
A33: cq/kokj | B33: 29/04/2026 | C33: 0 | D33: =C33 | E33: 0 | F33: 0 | G33: 0 | H33: =G33+F33+E33 | I33: cq/kokj | J33: 29/04/2026 | K33: =D33 | L33: =H33 | M33: =SUM(K33:L33) | N33: gjcjk | Q33: 29 | R33: 29/04/2026 | S33: =Z32 | T33: 0 | U33: =S33+T33 | V33: =K33 | W33: 0.1 | X33: =V33*W33 | Y33: =U33-X33 | Z33: =Y33 | AA33: 29 | AB33: =R33 | AC33: =AJ32 | AD33: 0 | AE33: =AC33+AD33 | AF33: =L33 | AG33: 0.15 | AH33: =AG33*AF33 | AI33: =AE33-AH33 | AJ33: =AI33 | AK33: =Z33+AJ33 | AM33: 29 | AN33: =AB33 | AO33: =AV32 | AP33: 0 | AQ33: =AO33+AP33 | AR33: 0 | AS33: 0.02 | AT33: =AR33*AS33 | AU33: =AQ33-AT33 | AV33: =AU33 | AW33: 29 | AX33: =AN33 | AY33: =BF32 | AZ33: 0 | BA33: =AY33+AZ33 | BB33: 0 | BC33: 0.03 | BD33: =BC33*BB33 | BE33: =BA33-BD33 | BF33: =BE33 | BG33: =AV33+BF33 | BI33: 29 | BJ33: =AX33 | BK33: =BR32 | BL33: 0 | BM33: =BK33+BL33 | BN33: 0 | BO33: 0.02 | BP33: =BN33*BO33 | BQ33: =BM33-BP33 | BR33: =BQ33 | BS33: 29 | BT33: =BJ33 | BU33: =CB32 | BV33: 0 | BW33: =BU33+BV33 | BX33: 0 | BY33: 0.03 | BZ33: =BY33*BX33 | CA33: =BW33-BZ33 | CB33: =CA33 | CC33: =BR33+CB33 | CE33: 29 | CF33: =BT33 | CG33: =CN32 | CH33: 0 | CI33: =CG33+CH33 | CJ33: =K33 | CK33: 0.02 | CL33: =CJ33*CK33 | CM33: =CI33-CL33 | CN33: =CM33 | CO33: 29 | CP33: =CF33 | CQ33: =CX32 | CR33: 0 | CS33: =CQ33+CR33 | CT33: =L33 | CU33: 0.03 | CV33: =CU33*CT33 | CW33: =CS33-CV33 | CX33: =CW33 | CY33: =CN33+CX33 | DA33: 29 | DB33: =CP33 | DC33: =DJ32 | DD33: 0 | DE33: =DC33+DD33 | DF33: =K33 | DG33: 0.0001 | DH33: =DF33*DG33 | DI33: =DE33-DH33 | DJ33: =DI33 | DK33: 29 | DL33: =DB33 | DM33: =DT32 | DN33: 0 | DO33: =DM33+DN33 | DP33: =L33 | DQ33: 0.0003 | DR33: =DQ33*DP33 | DS33: =DO33-DR33 | DT33: =DS33 | DU33: =DJ33+DT33 | DW33: 29 | DX33: =DL33 | DY33: =EF32 | DZ33: 0 | EA33: =DY33+DZ33 | EB33: =K33 | EC33: 0.0002 | ED33: =EB33*EC33 | EE33: =EA33-ED33 | EF33: =EE33 | EG33: 29 | EH33: =DX33 | EI33: =EP32 | EJ33: 0 | EK33: =EI33+EJ33 | EL33: =L33 | EM33: 0.0006 | EN33: =EM33*EL33 | EO33: =EK33-EN33 | EP33: =EO33 | EQ33: =EF33+EP33 | ES33: 29 | ET33: =EH33 | EU33: =FB32 | EV33: 0 | EW33: =EU33+EV33 | EX33: =K33 | EY33: 0.002 | EZ33: =EX33*EY33 | FA33: =EW33-EZ33 | FB33: =FA33 | FC33: 29 | FD33: =ET33 | FE33: =FL32 | FF33: 0 | FG33: =FE33+FF33 | FH33: =L33 | FI33: 0.0025 | FJ33: =FI33*FH33 | FK33: =FG33-FJ33 | FL33: =FK33 | FM33: =FB33+FL33 | FO33: 29 | FP33: =FD33 | FQ33: =FX32 | FR33: 0 | FS33: =FQ33+FR33 | FT33: =K33 | FU33: 0.002 | FV33: =FT33*FU33 | FW33: =FS33-FV33 | FX33: =FW33 | FY33: 29 | FZ33: =FP33 | GA33: =GH32 | GB33: 0 | GC33: =GA33+GB33 | GD33: =L33 | GE33: 0.005 | GF33: =GE33*GD33 | GG33: =GC33-GF33 | GH33: =GG33 | GI33: =FX33+GH33 | GK33: 29 | GL33: =FZ33 | GM33: =GT32 | GN33: 0 | GO33: =GM33+GN33 | GP33: =K33 | GQ33: 0.005 | GR33: =GP33*GQ33 | GS33: =GO33-GR33 | GT33: =GS33 | GU33: 29 | GV33: =GL33 | GW33: =HD32 | GX33: 0 | GY33: =GW33+GX33 | GZ33: =L33 | HA33: 0.0075 | HB33: =HA33*GZ33 | HC33: =GY33-HB33 | HD33: =HC33 | HE33: =GT33+HD33 | HG33: 29 | HH33: =GV33 | HI33: =K33 | HJ33: 1 | HK33: =HI33*HJ33 | HL33: 0.89 | HM33: =HI33*HL33 | HN33: 0.7 | HO33: =HN33*HI33 | HP33: 2.59 | HQ33: =HI33*HP33 | HR33: 29 | HS33: 29/7/2023 | HT33: =L33 | HU33: 1.64 | HV33: =HT33*HU33 | HW33: 1.14 | HX33: =HT33*HW33 | HY33: 1.1 | HZ33: =HY33*HT33 | IA33: 3.11 | IB33: =HT33*IA33 | IC33: =HK33+HV33 | ID33: =HM33+HX33 | IE33: =HO33+HZ33 | IG33: =HH33 | IH33: xq:okj | II33: elqj nkG | IJ33: =IJ32 | IK33: =IJ33 | IL33: =K33 | IM33: =IL33*100 | IN33: =IL33*20 | IQ33: =IL33*0.3 | IR33: =IL33*0.4 | IS33: =IL33*1.5 | IT33: =IL33*5 | IU33: =IL33*2 | IV33: =IL33*2.08 | IX33: =IL33*2.08 | IZ33: =IG33 | JA33: xq:okj | JB33: elqj nkG | JC33: =JC32 | JD33: =JC33 | JE33: =L33 | JF33: =JE33*150 | JH33: =JE33*30 | JJ33: =JE33*0.25 | JK33: =JE33*0.4 | JL33: =JE33*2.5 | JM33: =JE33*7.5 | JN33: =JE33*4 | JO33: =JE33*3.11 | JQ33: =JE33*3.11
A34: xq:okj | B34: 30/04/2026 | C34: 0 | D34: =C34 | E34: 0 | F34: 0 | G34: 0 | H34: =G34+F34+E34 | I34: xq:okj | J34: 30/04/2026 | K34: =D34 | L34: =H34 | M34: =SUM(K34:L34) | N34: elqj nkG | Q34: 30 | R34: 30/04/2026 | S34: =Z33 | T34: 0 | U34: =S34+T34 | V34: =K34 | W34: 0.1 | X34: =V34*W34 | Y34: =U34-X34 | Z34: =Y34 | AA34: 30 | AB34: =R34 | AC34: =AJ33 | AD34: 0 | AE34: =AC34+AD34 | AF34: =L34 | AG34: 0.15 | AH34: =AG34*AF34 | AI34: =AE34-AH34 | AJ34: =AI34 | AK34: =Z34+AJ34 | AM34: 30 | AN34: =AB34 | AO34: =AV33 | AP34: 0 | AQ34: =AO34+AP34 | AR34: 0 | AS34: 0.02 | AT34: =AR34*AS34 | AU34: =AQ34-AT34 | AV34: =AU34 | AW34: 30 | AX34: =AN34 | AY34: =BF33 | AZ34: 0 | BA34: =AY34+AZ34 | BB34: 0 | BC34: 0.03 | BD34: =BC34*BB34 | BE34: =BA34-BD34 | BF34: =BE34 | BG34: =AV34+BF34 | BI34: 30 | BJ34: =AX34 | BK34: =BR33 | BL34: 0 | BM34: =BK34+BL34 | BN34: =K34 | BO34: 0.02 | BP34: =BN34*BO34 | BQ34: =BM34-BP34 | BR34: =BQ34 | BS34: 30 | BT34: =BJ34 | BU34: =CB33 | BV34: 0 | BW34: =BU34+BV34 | BX34: =L34 | BY34: 0.03 | BZ34: =BY34*BX34 | CA34: =BW34-BZ34 | CB34: =CA34 | CC34: =BR34+CB34 | CE34: 30 | CF34: =BT34 | CG34: =CN33 | CH34: 0 | CI34: =CG34+CH34 | CJ34: 0 | CK34: 0.02 | CL34: =CJ34*CK34 | CM34: =CI34-CL34 | CN34: =CM34 | CO34: 30 | CP34: =CF34 | CQ34: =CX33 | CR34: 0 | CS34: =CQ34+CR34 | CT34: 0 | CU34: 0.03 | CV34: =CU34*CT34 | CW34: =CS34-CV34 | CX34: =CW34 | CY34: =CN34+CX34 | DA34: 30 | DB34: =CP34 | DC34: =DJ33 | DD34: 0 | DE34: =DC34+DD34 | DF34: =K34 | DG34: 0.0001 | DH34: =DF34*DG34 | DI34: =DE34-DH34 | DJ34: =DI34 | DK34: 30 | DL34: =DB34 | DM34: =DT33 | DN34: 0 | DO34: =DM34+DN34 | DP34: =L34 | DQ34: 0.0003 | DR34: =DQ34*DP34 | DS34: =DO34-DR34 | DT34: =DS34 | DU34: =DJ34+DT34 | DW34: 30 | DX34: =DL34 | DY34: =EF33 | DZ34: 0 | EA34: =DY34+DZ34 | EB34: =K34 | EC34: 0.0002 | ED34: =EB34*EC34 | EE34: =EA34-ED34 | EF34: =EE34 | EG34: 30 | EH34: =DX34 | EI34: =EP33 | EJ34: 0 | EK34: =EI34+EJ34 | EL34: =L34 | EM34: 0.0006 | EN34: =EM34*EL34 | EO34: =EK34-EN34 | EP34: =EO34 | EQ34: =EF34+EP34 | ES34: 30 | ET34: =EH34 | EU34: =FB33 | EV34: 0 | EW34: =EU34+EV34 | EX34: =K34 | EY34: 0.002 | EZ34: =EX34*EY34 | FA34: =EW34-EZ34 | FB34: =FA34 | FC34: 30 | FD34: =ET34 | FE34: =FL33 | FF34: 0 | FG34: =FE34+FF34 | FH34: =L34 | FI34: 0.0025 | FJ34: =FI34*FH34 | FK34: =FG34-FJ34 | FL34: =FK34 | FM34: =FB34+FL34 | FO34: 30 | FP34: =FD34 | FQ34: =FX33 | FR34: 0 | FS34: =FQ34+FR34 | FT34: =K34 | FU34: 0.002 | FV34: =FT34*FU34 | FW34: =FS34-FV34 | FX34: =FW34 | FY34: 30 | FZ34: =FP34 | GA34: =GH33 | GB34: 0 | GC34: =GA34+GB34 | GD34: =L34 | GE34: 0.005 | GF34: =GE34*GD34 | GG34: =GC34-GF34 | GH34: =GG34 | GI34: =FX34+GH34 | GK34: 30 | GL34: =FZ34 | GM34: =GT33 | GN34: 0 | GO34: =GM34+GN34 | GP34: =K34 | GQ34: 0.005 | GR34: =GP34*GQ34 | GS34: =GO34-GR34 | GT34: =GS34 | GU34: 30 | GV34: =GL34 | GW34: =HD33 | GX34: 0 | GY34: =GW34+GX34 | GZ34: =L34 | HA34: 0.0075 | HB34: =HA34*GZ34 | HC34: =GY34-HB34 | HD34: =HC34 | HE34: =GT34+HD34 | HG34: 30 | HH34: =GV34 | HI34: =K34 | HJ34: 1 | HK34: =HI34*HJ34 | HL34: 0.89 | HM34: =HI34*HL34 | HN34: 0.7 | HO34: =HN34*HI34 | HP34: 2.59 | HQ34: =HI34*HP34 | HR34: 30 | HS34: 30/7/2023 | HT34: =L34 | HU34: 1.64 | HV34: =HT34*HU34 | HW34: 1.14 | HX34: =HT34*HW34 | HY34: 1.1 | HZ34: =HY34*HT34 | IA34: 3.11 | IB34: =HT34*IA34 | IC34: =HK34+HV34 | ID34: =HM34+HX34 | IE34: =HO34+HZ34 | IJ34: =IJ33 | IK34: =IJ34 | IL34: =K34 | IM34: =IL34*100 | IO34: =IL34*20 | IQ34: =IL34*0.3 | IR34: =IL34*0.4 | IS34: =IL34*1.5 | IT34: =IL34*5 | IU34: =IL34*2 | IV34: =IL34*2.08 | IX34: =IL34*2.08 | IZ34: =IG34 | JA34: eaxGokj | JB34: okVk.kk | JC34: =JC33 | JD34: =JC34 | JE34: =L34 | JF34: =JE34*150 | JI34: =JE34*30 | JJ34: =JE34*0.25 | JK34: =JE34*0.4 | JL34: =JE34*2.5 | JM34: =JE34*7.5 | JN34: =JE34*4 | JO34: =JE34*3.11 | JQ34: =JE34*3.11
C35: 0 | D35: =C35 | E35: 0 | F35: 0 | G35: 0 | H35: =G35+F35+E35 | K35: =D35 | L35: =H35 | M35: =SUM(K35:L35) | Q35: 31 | S35: =Z34 | T35: 0 | U35: =S35+T35 | V35: =K35 | W35: 0.1 | X35: =V35*W35 | Y35: =U35-X35 | Z35: =Y35 | AA35: 31 | AB35: =R35 | AC35: =AJ34 | AD35: 0 | AE35: =AC35+AD35 | AF35: =L35 | AG35: 0.15 | AH35: =AG35*AF35 | AI35: =AE35-AH35 | AJ35: =AI35 | AK35: =Z35+AJ35 | AM35: 31 | AN35: =AB35 | AO35: =AV34 | AP35: 0 | AQ35: =AO35+AP35 | AR35: 0 | AS35: 0.02 | AT35: =AR35*AS35 | AU35: =AQ35-AT35 | AV35: =AU35 | AW35: 31 | AX35: =AN35 | AY35: =BF34 | AZ35: 0 | BA35: =AY35+AZ35 | BB35: 0 | BC35: 0.03 | BD35: =BC35*BB35 | BE35: =BA35-BD35 | BF35: =BE35 | BG35: =AV35+BF35 | BI35: 31 | BJ35: =AX35 | BK35: =BR34 | BL35: 0 | BM35: =BK35+BL35 | BN35: 0 | BO35: 0.02 | BP35: =BN35*BO35 | BQ35: =BM35-BP35 | BR35: =BQ35 | BS35: 31 | BT35: =BJ35 | BU35: =CB34 | BV35: 0 | BW35: =BU35+BV35 | BX35: 0 | BY35: 0.03 | BZ35: =BY35*BX35 | CA35: =BW35-BZ35 | CB35: =CA35 | CC35: =BR35+CB35 | CE35: 31 | CF35: =BT35 | CG35: =CN34 | CH35: 0 | CI35: =CG35+CH35 | CJ35: 0 | CK35: 0.02 | CL35: =CJ35*CK35 | CM35: =CI35-CL35 | CN35: =CM35 | CO35: 31 | CP35: =CF35 | CQ35: =CX34 | CR35: 0 | CS35: =CQ35+CR35 | CT35: 0 | CU35: 0.03 | CV35: =CU35*CT35 | CW35: =CS35-CV35 | CX35: =CW35 | CY35: =CN35+CX35 | DA35: 31 | DB35: =CP35 | DC35: =DJ34 | DD35: 0 | DE35: =DC35+DD35 | DF35: =K35 | DG35: 0.0001 | DH35: =DF35*DG35 | DI35: =DE35-DH35 | DJ35: =DI35 | DK35: 31 | DL35: =DB35 | DM35: =DT34 | DN35: 0 | DO35: =DM35+DN35 | DP35: =L35 | DQ35: 0.0003 | DR35: =DQ35*DP35 | DS35: =DO35-DR35 | DT35: =DS35 | DU35: =DJ35+DT35 | DW35: 31 | DX35: =DL35 | DY35: =EF34 | DZ35: 0 | EA35: =DY35+DZ35 | EB35: =K35 | EC35: 0.0002 | ED35: =EB35*EC35 | EE35: =EA35-ED35 | EF35: =EE35 | EG35: 31 | EH35: =DX35 | EI35: =EP34 | EJ35: 0 | EK35: =EI35+EJ35 | EL35: =L35 | EM35: 0.0006 | EN35: =EM35*EL35 | EO35: =EK35-EN35 | EP35: =EO35 | EQ35: =EF35+EP35 | ES35: 31 | ET35: =EH35 | EU35: =FB34 | EV35: 0 | EW35: =EU35+EV35 | EX35: =K35 | EY35: 0.002 | EZ35: =EX35*EY35 | FA35: =EW35-EZ35 | FB35: =FA35 | FC35: 31 | FD35: =ET35 | FE35: =FL34 | FF35: 0 | FG35: =FE35+FF35 | FH35: =L35 | FI35: 0.0025 | FJ35: =FI35*FH35 | FK35: =FG35-FJ35 | FL35: =FK35 | FM35: =FB35+FL35 | FO35: 31 | FP35: =FD35 | FQ35: =FX34 | FR35: 0 | FS35: =FQ35+FR35 | FT35: =K35 | FU35: 0.002 | FV35: =FT35*FU35 | FW35: =FS35-FV35 | FX35: =FW35 | FY35: 31 | FZ35: =FP35 | GA35: =GH34 | GB35: 0 | GC35: =GA35+GB35 | GD35: =L35 | GE35: 0.005 | GF35: =GE35*GD35 | GG35: =GC35-GF35 | GH35: =GG35 | GI35: =FX35+GH35 | GK35: 31 | GL35: =FZ35 | GM35: =GT34 | GN35: 0 | GO35: =GM35+GN35 | GP35: =K35 | GQ35: 0.005 | GR35: =GP35*GQ35 | GS35: =GO35-GR35 | GT35: =GS35 | GU35: 31 | GV35: =GL35 | GW35: =HD34 | GX35: 0 | GY35: =GW35+GX35 | GZ35: =L35 | HA35: 0.0075 | HB35: =HA35*GZ35 | HC35: =GY35-HB35 | HD35: =HC35 | HE35: =GT35+HD35 | HG35: 31 | HH35: =GV35 | HI35: =K35 | HJ35: 1 | HK35: =HI35*HJ35 | HL35: 0.89 | HM35: =HI35*HL35 | HN35: 0.7 | HO35: =HN35*HI35 | HP35: 2.59 | HQ35: =HI35*HP35 | HR35: 31 | HS35: 31/7/2023 | HT35: =L35 | HU35: 1.64 | HV35: =HT35*HU35 | HW35: 1.14 | HX35: =HT35*HW35 | HY35: 1.1 | HZ35: =HY35*HT35 | IA35: 3.11 | IB35: =HT35*IA35 | IC35: =HK35+HV35 | ID35: =HM35+HX35 | IE35: =HO35+HZ35 | IJ35: =IJ34 | IK35: =IJ35 | IL35: =K35 | IM35: =IL35*100 | IP35: =IL35*20 | IQ35: =IL35*0.3 | IR35: =IL35*0.4 | IS35: =IL35*1.5 | IT35: =IL35*5 | IU35: =IL35*2 | IV35: =IL35*2.08 | IX35: =IL35*2.08 | IZ35: =IG35 | JA35: cq/kokj | JB35: gjcjk | JC35: =JC34 | JD35: =JC35 | JE35: =L35 | JF35: =JE35*150 | JI35: =JE35*30 | JJ35: =JE35*0.25 | JK35: =JE35*0.4 | JL35: =JE35*2.5 | JM35: =JE35*7.5 | JN35: =JE35*4 | JO35: =JE35*3.11 | JQ35: =JE35*3.11
C36: =SUM(C5:C35) | D36: =SUM(D5:D35) | E36: =SUM(E5:E35) | F36: =SUM(F5:F35) | G36: =SUM(G5:G35) | H36: =SUM(H5:H35) | K36: =SUM(K5:K35) | L36: =SUM(L5:L35) | M36: =SUM(K36:L36) | T36: =SUM(T5:T35) | V36: =SUM(V5:V35) | X36: =SUM(X5:X35) | AD36: =SUM(AD5:AD35) | AF36: =SUM(AF5:AF35) | AH36: =SUM(AH5:AH35) | AP36: =SUM(AP5:AP35) | AR36: =SUM(AR5:AR35) | AT36: =SUM(AT5:AT35) | AZ36: =SUM(AZ5:AZ35) | BB36: =SUM(BB5:BB35) | BD36: =SUM(BD5:BD35) | BL36: =SUM(BL5:BL35) | BN36: =SUM(BN5:BN35) | BP36: =SUM(BP5:BP35) | BV36: =SUM(BV5:BV35) | BX36: =SUM(BX5:BX35) | BZ36: =SUM(BZ5:BZ35) | CH36: =SUM(CH5:CH35) | CJ36: =SUM(CJ5:CJ35) | CL36: =SUM(CL5:CL35) | CR36: =SUM(CR5:CR35) | CT36: =SUM(CT5:CT35) | CV36: =SUM(CV5:CV35) | DD36: =SUM(DD5:DD35) | DF36: =SUM(DF5:DF35) | DH36: =SUM(DH5:DH35) | DN36: =SUM(DN5:DN35) | DP36: =SUM(DP5:DP35) | DR36: =SUM(DR5:DR35) | DZ36: =SUM(DZ5:DZ35) | EB36: =SUM(EB5:EB35) | ED36: =SUM(ED5:ED35) | EJ36: =SUM(EJ5:EJ35) | EL36: =SUM(EL5:EL35) | EN36: =SUM(EN5:EN35) | EV36: =SUM(EV5:EV35) | EX36: =SUM(EX5:EX35) | EZ36: =SUM(EZ5:EZ35) | FF36: =SUM(FF5:FF35) | FH36: =SUM(FH5:FH35) | FJ36: =SUM(FJ5:FJ35) | FR36: =SUM(FR5:FR35) | FT36: =SUM(FT5:FT35) | FV36: =SUM(FV5:FV35) | GB36: =SUM(GB5:GB35) | GD36: =SUM(GD5:GD35) | GF36: =SUM(GF5:GF35) | GN36: =SUM(GN5:GN35) | GP36: =SUM(GP5:GP35) | GR36: =SUM(GR5:GR35) | GX36: =SUM(GX5:GX35) | GZ36: =SUM(GZ5:GZ35) | HB36: =SUM(HB5:HB35) | HK36: =SUM(HK5:HK35) | HM36: =SUM(HM5:HM35) | HO36: =SUM(HO5:HO35) | HQ36: =SUM(HQ5:HQ35) | HV36: =SUM(HV5:HV35) | HX36: =SUM(HX5:HX35) | HZ36: =SUM(HZ5:HZ35) | IB36: =SUM(IB5:IB35) | IC36: =SUM(IC5:IC35) | ID36: =SUM(ID5:ID35) | IE36: =SUM(IE5:IE35) | IN36: =SUM(IN5:IN35) | IO36: =SUM(IO5:IO35) | IP36: =SUM(IP5:IP35) | IQ36: =SUM(IQ5:IQ35) | IR36: =SUM(IR5:IR35) | IS36: =SUM(IS5:IS35) | IT36: =SUM(IT5:IT35) | IU36: =SUM(IU5:IU35) | IV36: =SUM(IV5:IV35) | JG36: =SUM(JG5:JG35) | JH36: =SUM(JH5:JH35) | JI36: =SUM(JI5:JI35) | JJ36: =SUM(JJ5:JJ35) | JK36: =SUM(JK5:JK35) | JL36: =SUM(JL5:JL35) | JM36: =SUM(JM5:JM35) | JN36: =SUM(JN5:JN35) | JO36: =SUM(JO5:JO35)

Sheet Sheet2
A1: jk"Vªh; e/;kUg Hkkstu dk;ZØe ;kstuk izi= & c (b-6 rs 8) | K1: 'kkys; iks"k.k vkgkj ;kstuk izi= & c (b- 5 oh)
A2: 'kkGsus dsanzizeq[kkauk njegk 1 rkj[ksi;Zar |ko;kpk vgoky ¼ 2 izrhr ½ | K2: 'kkGsus dsanzizeq[kkauk njegk 1 rkj[ksi;Zar |ko;kpk vgoky ¼ 2 izrhr ½
A3: 'kkGsps uko &% bafnjkckbZ dU;k fo|ky;] f'kjkGk] rk- ft- vejkorh- | K3: 'kkGsps uko &% bafnjkckbZ dU;k fo|ky;] f'kjkGk] rk- ft- vejkorh-
E4: dsanz & varksjk | O4: dsanz & varksjk
A5: iVlaa[;k ba 6 rs 8 oh | E5: 40 | G5: ,dq.k dk;Zfnol | I5: =Sheet1!O36 | K5: iVlaa[;k ba 6 rs 8 oh | O5: 11 | Q5: ,dq.k dk;Zfnol | S5: =Sheet1!O36
A6: efg.;krhy ,dq.k mifLFkrh fo|kF;hZ | E6: =Sheet1!KJ6 | G6: vUu f'ktowu fnysys fnol | I6: =Sheet1!O36 | K6: efg.;krhy ,dq.k mifLFkrh fo|kF;hZ | O6: =Sheet1!KF6 | Q6: vUu f'ktowu fnysys fnol | S6: =Sheet1!O36
A7: rkanwG izkIr fnukad o ikorh Øekad | K7: rkanwG izkIr fnukad o ikorh Øekad
A8: /kkU;kph oLrq izkIr fnukad o ikorh Øekad | G8: efguk | I8: tqyS 2023 | K8: /kkU;kph oLrq izkIr fnukad o ikorh Øekad | Q8: efguk | S8: tqyS 2023
A10: v- Ø- | B10: oLrqps uko | C10: ekfxy f'kYyd oLrw ¼fd- xzW-½ | D10: pkyw efg.;kr izkIr oLrw ¼fd- xzW-½ | E10: ,dq.k oLrw (3+4) ¼fd- xzW-½ | F10: vUu f'ktfo.;klkBh okijysY;k oLrw ¼fd- xzW-½ | G10: f'kYyd oLrw (5+6) ¼fd- xzW-½ | H10: iqBhy efg.;klkBh ekx.kh ¼fd- xzW-½ | I10: 'ksjk | K10: v- Ø- | L10: oLrqps uko | M10: ekfxy f'kYyd oLrw ¼fd- xzW-½ | N10: pkyw efg.;kr izkIr oLrw ¼fd- xzW-½ | O10: ,dq.k oLrw (3+4) ¼fd- xzW-½ | P10: vUu f'ktfo.;klkBh okijysY;k oLrw ¼fd- xzW-½ | Q10: f'kYyd oLrw (5+6) ¼fd- xzW-½ | R10: iqBhy efg.;klkBh ekx.kh ¼fd- xzW-½ | S10: 'ksjk
A11: 1 | B11: 2 | C11: 3 | D11: 4 | E11: 5 | F11: 6 | G11: 7 | H11: 8 | I11: 9 | K11: 1 | L11: 2 | M11: 3 | N11: 4 | O11: 5 | P11: 6 | Q11: 7 | R11: 8 | S11: 9
A12: 1 | B12: rkanqG | C12: =Sheet1!AC5 | D12: =Sheet1!KH6 | E12: =SUM(C12:D12) | F12: =Sheet1!AH36 | G12: =E12-F12 | H12: 150 | K12: 1 | L12: rkanqG | M12: =Sheet1!S5 | N12: =Sheet1!KD6 | O12: =SUM(M12:N12) | P12: =Sheet1!X36 | Q12: =O12-P12 | R12: 50
A13: 2 | B13: eVdh | C13: =Sheet1!#REF! | D13: =Sheet1!#REF! | E13: =SUM(C13:D13) | F13: =Sheet1!KI7 | G13: =E13-F13 | H13: 0 | K13: 2 | L13: eVdh | M13: =Sheet1!#REF! | N13: =Sheet1!#REF! | O13: =SUM(M13:N13) | P13: =Sheet1!#REF! | Q13: =O13-P13 | R13: 0
A14: 3 | B14: elqjnkG | C14: =Sheet1!BU5 | D14: =Sheet1!KH8 | E14: =SUM(C14:D14) | F14: =Sheet1!BZ36 | G14: =E14-F14 | H14: 20 | K14: 3 | L14: elqjnkG | M14: =Sheet1!BK5 | N14: =Sheet1!KD8 | O14: =SUM(M14:N14) | P14: =Sheet1!BP36 | Q14: =O14-P14 | R14: 5
A15: 4 | B15: gjHkjk | C15: =Sheet1!CQ5 | D15: =Sheet1!KH9 | E15: =SUM(C15:D15) | F15: =Sheet1!CV36 | G15: =E15-F15 | H15: 20 | K15: 4 | L15: gjHkjk | M15: =Sheet1!CG5 | N15: =Sheet1!KD9 | O15: =SUM(M15:N15) | P15: =Sheet1!CL36 | Q15: =O15-P15 | R15: 5
A16: 5 | B16: okVk.kk | C16: =Sheet1!AY5 | D16: =Sheet1!KH10 | E16: =SUM(C16:D16) | F16: =Sheet1!BD36 | G16: =E16-F16 | H16: 20 | K16: 5 | L16: okVk.kk | M16: =Sheet1!AO5 | N16: =Sheet1!KD10 | O16: =SUM(M16:N16) | P16: =Sheet1!AT36 | Q16: =O16-P16 | R16: 5
A17: 6 | B17: eksgjh | C17: =Sheet1!DM5 | D17: =Sheet1!KH11 | E17: =SUM(C17:D17) | F17: =Sheet1!DR36 | G17: =E17-F17 | H17: 6 | K17: 6 | L17: eksgjh | M17: =Sheet1!DC5 | N17: =Sheet1!KD11 | O17: =SUM(M17:N17) | P17: =Sheet1!DH36 | Q17: =O17-P17 | R17: 2
A18: 7 | B18: gGn | C18: =Sheet1!EI5 | D18: =Sheet1!KH13 | E18: =SUM(C18:D18) | F18: =Sheet1!EN36 | G18: =E18-F18 | H18: 7.5 | K18: 7 | L18: gGn | M18: =Sheet1!DY5 | N18: =Sheet1!KD13 | O18: =SUM(M18:N18) | P18: =Sheet1!ED36 | Q18: =O18-P18 | R18: 2.5
A19: 8 | B19: dkank ylw.k elkyk | C19: =Sheet1!FE5 | D19: =Sheet1!KH14 | E19: =SUM(C19:D19) | F19: =Sheet1!FJ36 | G19: =E19-F19 | H19: 10 | K19: 8 | L19: dkank ylw.k elkyk | M19: =Sheet1!EU5 | N19: =Sheet1!KD14 | O19: =SUM(M19:N19) | P19: =Sheet1!EZ36 | Q19: =O19-P19 | R19: 3.5
A20: 9 | B20: ehB | C20: =Sheet1!GA5 | D20: =Sheet1!KH15 | E20: =SUM(C20:D20) | F20: =Sheet1!GF36 | G20: =E20-F20 | H20: 10 | K20: 9 | L20: ehB | M20: =Sheet1!FQ5 | N20: =Sheet1!KD15 | O20: =SUM(M20:N20) | P20: =Sheet1!FV36 | Q20: =O20-P20 | R20: 3
A21: 10 | B21: lks;k- rsy | C21: =Sheet1!GW5 | D21: =Sheet1!KH16 | E21: =SUM(C21:D21) | F21: =Sheet1!HB36 | G21: =E21-F21 | H21: 10 | K21: 10 | L21: lks;k- rsy | M21: =Sheet1!GM5 | N21: =Sheet1!KD16 | O21: =SUM(M21:N21) | P21: =Sheet1!GR36 | Q21: =O21-P21 | R21: 4
D22: विवरण | N22: विवरण
C23: भाजिपाला | D23: =E6 | E23: =Sheet1!HU5 | F23: =D23*E23 | M23: भाजिपाला | N23: =O6 | O23: =Sheet1!HJ5 | P23: =N23*O23
C24: पुरक आहार | D24: =E6 | E24: =Sheet1!HY5 | F24: =D24*E24 | M24: पुरक आहार | N24: =O6 | O24: =Sheet1!HN5 | P24: =N24*O24
C25: इंधन | D25: =E6 | E25: =Sheet1!HW5 | F25: =D25*E25 | M25: इंधन | N25: =O6 | O25: =Sheet1!HL5 | P25: =N25*O25
D26: एकुण = | E26: =SUM(E23:E25) | F26: =SUM(F23:F25) | N26: एकुण = | O26: =SUM(O23:O25) | P26: =SUM(P23:P25)
B27: ekx.kh uksanorkuk 'kkGsdMs 20 fnolkapk lkBk f'kYyd jkghy ;kph n{krk ?ksÅu ekx.kh uksanokoh] vko';drsis{kk tkLr | L27: ekx.kh uksanorkuk 'kkGsdMs 20 fnolkapk lkBk f'kYyd jkghy ;kph n{krk ?ksÅu ekx.kh uksanokoh] vko';drsis{kk tkLr
B28: lkBh d:u /kkU; [kjkc gks.kkj ukgh ;kph n{krk ?;koh- | L28: lkBh d:u /kkU; [kjkc gks.kkj ukgh ;kph n{krk ?;koh-
A29: 1½ | B29: efgU;krhy ,dq.k rkVkaph la[;k - | E29: =E6 | K29: 1½ | L29: efgU;krhy ,dq.k rkVkaph la[;k - | O29: =O6
A30: 2½ | B30: ba/ku o Hkkthikyk [kpZ dsysys vuqnku :- = | E30: =E6 | F30: =E26 | G30: =E30*F30 | H30: ¼rkVkaph la[;k ˣ nj½ ¼ 'kkluLrjko:u fuf'Pkr dssY;kuqlkj½ | K30: 2½ | L30: ba/ku o Hkkthikyk [kpZ dsysys vuqnku :- | O30: =O6 | P30: =O26 | Q30: =O30*P30
A31: 3½ | B31: Lo;aikdh rFkk enruhl eku/ku :- 1500/- (:- 1500 ˣ useysys Lo;aikdh rFkk enruhl la[;k) | K31: 3½ | L31: Lo;aikdh rFkk enruhl eku/ku :- 1500/- (:- 1500 ˣ useysys Lo;aikdh rFkk enruhl la[;k)
B32: izekf.kr dj.;kr ;srs dh] oj ueqn dsysyh ekfgrh nSuafnu uksanogho:u ?ksrysyh vkgs- rh riklyh vkgs o cjkscj vkgs- | L32: izekf.kr dj.;kr ;srs dh] oj ueqn dsysyh ekfgrh nSuafnu uksanogho:u ?ksrysyh vkgs- rh riklyh vkgs o cjkscj vkgs-
D34: eq[;k/;klfidk@lfpo | G34: dsanz izeq[k | N34: eq[;k/;klfidk@lfpo | Q34: dsanz izeq[k
B35: fnukad | D35: 'kkys; O;oLFkkiu lferh | G35: varksjk | L35: fnukad | N35: 'kkys; O;oLFkkiu lferh | Q35: varksjk

Sheet Bill  6 To 8
A1: jk"Vªh; e/;kUg Hkkstu dk;ZØe ;kstuk izi= & c (b-6 rs 8)
A2: 'kkGsus dsanzizeq[kkauk njegk 1 rkj[ksi;Zar |ko;kpk vgoky ¼ 2 izrhr ½
A3: 'kkGsps uko &% bafnjkckbZ dU;k fo|ky;] f'kjkGk] rk- ft- vejkorh-
E4: dsanz & varksjk
A5: iVlaa[;k ba 6 rs 8 oh | E5: 0 | G5: ,dq.k dk;Zfnol | I5: 24
A6: efg.;krhy ,dq.k mifLFkrh fo|kF;hZ | E6: =Sheet2!E6 | G6: vUu f'ktowu fnysys fnol | I6: 24
A7: rkanwG izkIr fnukad o ikorh Øekad | E7: 0
A8: /kkU;kph oLrq izkIr fnukad o ikorh Øekad | E8: 0 | G8: efguk | I8: ,fizy 2026
A10: v- Ø- | B10: oLrqps uko | C10: ekfxy f'kYyd oLrw ¼fd- xzW-½ | D10: pkyw efg.;kr izkIr oLrw ¼fd- xzW-½ | E10: ,dq.k oLrw (3+4) ¼fd- xzW-½ | F10: vUu f'ktfo.;klkBh okijysY;k oLrw ¼fd- xzW-½ | G10: f'kYyd oLrw (5+6) ¼fd- xzW-½ | H10: iqBhy efg.;klkBh ekx.kh ¼fd- xzW-½ | I10: 'ksjk
A11: 1 | B11: 2 | C11: 3 | D11: 4 | E11: 5 | F11: 6 | G11: 7 | H11: 8 | I11: 9
A12: 1 | B12: rkanqG | C12: =Sheet2!C12 | D12: =Sheet2!D12 | E12: =SUM(C12:D12) | F12: =Sheet2!F12 | G12: =E12-F12 | H12: 0
A13: 3 | B13: elqjnkG | C13: =Sheet2!C14 | D13: =Sheet2!D14 | E13: =SUM(C13:D13) | F13: =Sheet2!F14 | G13: =E13-F13 | H13: 0
A14: 4 | B14: eVdh@poGh | C14: =Sheet2!C15 | D14: =Sheet2!D15 | E14: =SUM(C14:D14) | F14: =Sheet2!F15 | G14: =E14-F14 | H14: 0
A15: 5 | B15: gjcjk | C15: =Sheet2!C16 | D15: =Sheet2!D16 | E15: =SUM(C15:D15) | F15: =Sheet2!F16 | G15: =E15-F15 | H15: 0
A16: 6 | B16: eksgjh | C16: =Sheet2!C17 | D16: =Sheet2!D17 | E16: =SUM(C16:D16) | F16: =Sheet2!F17 | G16: =E16-F16 | H16: 0
A17: 7 | B17: gGn | C17: =Sheet2!C18 | D17: =Sheet2!D18 | E17: =SUM(C17:D17) | F17: =Sheet2!F18 | G17: =E17-F17 | H17: 0
A18: 8 | B18: dkank ylw.k elkyk | C18: =Sheet2!C19 | D18: =Sheet2!D19 | E18: =SUM(C18:D18) | F18: =Sheet2!F19 | G18: =E18-F18 | H18: 0
A19: 9 | B19: ehB | C19: =Sheet2!C20 | D19: =Sheet2!D20 | E19: =SUM(C19:D19) | F19: =Sheet2!F20 | G19: =E19-F19 | H19: 0
A20: 10 | B20: lks;k- rsy | C20: =Sheet2!C21 | D20: =Sheet2!D21 | E20: =SUM(C20:D20) | F20: =Sheet2!F21 | G20: =E20-F20 | H20: 0
D21: विवरण
C22: भाजिपाला | D22: =Sheet2!D23 | E22: =Sheet2!E23 | F22: =Sheet2!F23
C23: पुरक आहार | D23: =Sheet2!D24 | E23: =Sheet2!E24 | F23: =Sheet2!F24
C24: इंधन | D24: =Sheet2!D25 | E24: =Sheet2!E25 | F24: =Sheet2!F25
D25: एकुण = | E25: =Sheet2!E26 | F25: =Sheet2!F26
B26: ekx.kh uksanorkuk 'kkGsdMs ohl fnolkapk lkBk f'kYyd jkghy ;kph n{krk ?ksÅu ekx.kh uksanokoh] vko';drsis{kk tkLr
B27: lkBh d:u /kkU; [kjkc gks.kkj ukgh ;kph n{krk ?;koh-
A28: 1½ | B28: efgU;krhy ,dq.k rkVkaph la[;k - | E28: =Sheet2!E29
A29: 2½ | B29: ba/ku o Hkkthikyk [kpZ dsysys vuqnku :- | E29: =Sheet2!E30 | F29: =Sheet2!F30 | G29: =Sheet2!G30 | H29: ¼rkVkaph la[;k ˣ nj½
B30: ¼ 'kkluLrjko:u fuf'Pkr dssY;kuqlkj ½
A31: 3½ | B31: Lo;aikdh rFkk enruhl eku/ku :- 2500/- (:- 2500 ˣ useysys Lo;aikdh rFkk enruhl la[;k)
B32: izekf.kr dj.;kr ;srs dh] oj ueqn dsysyh ekfgrh nSuafnu uksanogho:u ?ksrysyh vkgs- rh riklyh vkgs o cjkscj vkgs-
D34: eq[;k/;klfidk@lfpo | G34: dsanz izeq[k
B35: fnukad | C35: 30-04-2026 | D35: 'kkys; O;oLFkkiu lferh | G35: varksjk

Sheet Bill  5th
A1: 'kkys; iks"k.k vkgkj ;kstuk izi= & c (b- 5 oh)
A2: 'kkGsus dsanzizeq[kkauk njegk 1 rkj[ksi;Zar |ko;kpk vgoky ¼ 2 izrhr ½
A3: 'kkGsps uko &% bafnjkckbZ dU;k fo|ky;] f'kjkGk] rk- ft- vejkorh-
E4: dsanz & varksjk
A5: iVlaa[;k b;Rrk 5 oh | E5: 0 | G5: ,dq.k dk;Zfnol | I5: 24
A6: efg.;krhy ,dq.k mifLFkrh fo|kF;hZ | E6: =Sheet2!O6 | G6: vUu f'ktowu fnysys fnol | I6: 24
A7: rkanwG izkIr fnukad o ikorh Øekad | E7: 0
A8: /kkU;kph oLrq izkIr fnukad o ikorh Øekad | E8: 0 | G8: efguk | I8: ,fizy 2026
A10: v- Ø- | B10: oLrqps uko | C10: ekfxy f'kYyd oLrw ¼fd- xzW-½ | D10: pkyw efg.;kr izkIr oLrw ¼fd- xzW-½ | E10: ,dq.k oLrw (3+4) ¼fd- xzW-½ | F10: vUu f'ktfo.;klkBh okijysY;k oLrw ¼fd- xzW-½ | G10: f'kYyd oLrw (5+6) ¼fd- xzW-½ | H10: iqBhy efg.;klkBh ekx.kh ¼fd- xzW-½ | I10: 'ksjk
A11: 1 | B11: 2 | C11: 3 | D11: 4 | E11: 5 | F11: 6 | G11: 7 | H11: 8 | I11: 9
A12: 1 | B12: rkanqG | C12: =Sheet2!M12 | D12: =Sheet2!N12 | E12: =SUM(C12:D12) | F12: =Sheet2!P12 | G12: =E12-F12 | H12: 0
A13: 3 | B13: elqjnkG | C13: =Sheet2!M14 | D13: =Sheet2!N14 | E13: =SUM(C13:D13) | F13: =Sheet2!P14 | G13: =E13-F13 | H13: 0
A14: 4 | B14: eVdh @poGh | C14: =Sheet2!M15 | D14: =Sheet2!N15 | E14: =SUM(C14:D14) | F14: =Sheet2!P15 | G14: =E14-F14 | H14: 0
A15: 5 | B15: gjcjk | C15: =Sheet2!M16 | D15: =Sheet2!N16 | E15: =SUM(C15:D15) | F15: =Sheet2!P16 | G15: =E15-F15 | H15: 0
A16: 6 | B16: eksgjh | C16: =Sheet2!M17 | D16: =Sheet2!N17 | E16: =SUM(C16:D16) | F16: =Sheet2!P17 | G16: =E16-F16 | H16: 0
A17: 7 | B17: gGn | C17: =Sheet2!M18 | D17: =Sheet2!N18 | E17: =SUM(C17:D17) | F17: =Sheet2!P18 | G17: =E17-F17 | H17: 0
A18: 8 | B18: dkank ylw.k elkyk | C18: =Sheet2!M19 | D18: =Sheet2!N19 | E18: =SUM(C18:D18) | F18: =Sheet2!P19 | G18: =E18-F18 | H18: 0
A19: 9 | B19: ehB | C19: =Sheet2!M20 | D19: =Sheet2!N20 | E19: =SUM(C19:D19) | F19: =Sheet2!P20 | G19: =E19-F19 | H19: 0
A20: 10 | B20: lks;k- rsy | C20: =Sheet2!M21 | D20: =Sheet2!N21 | E20: =SUM(C20:D20) | F20: =Sheet2!P21 | G20: =E20-F20 | H20: 0
D21: विवरण
C22: भाजिपाला | D22: =Sheet2!N23 | E22: =Sheet2!O23 | F22: =Sheet2!P23
C23: पुरक आहार | D23: =Sheet2!N24 | E23: =Sheet2!O24 | F23: =Sheet2!P24
C24: इंधन | D24: =Sheet2!N25 | E24: =Sheet2!O25 | F24: =Sheet2!P25
D25: एकुण = | E25: =SUM(E22:E24) | F25: =SUM(F22:F24)
B26: ekx.kh uksanorkuk 'kkGsdMs ohl fnolkapk lkBk f'kYyd jkghy ;kph n{krk ?ksÅu ekx.kh uksanokoh] vko';drsis{kk tkLr
B27: lkBh d:u /kkU; [kjkc gks.kkj ukgh ;kph n{krk ?;koh-
A28: 1½ | B28: efgU;krhy ,dq.k rkVkaph la[;k - | E28: =Sheet2!O29
A29: 2½ | B29: ba/ku o Hkkthikyk [kpZ dsysys vuqnku :- = | E29: =Sheet2!O30 | F29: =Sheet2!P30 | G29: =Sheet2!Q30 | H29: ¼rkVkaph la[;k ˣ nj½
B30: ¼ 'kkluLrjko:u fuf'Pkr dssY;kuqlkj½
A31: 3½ | B31: Lo;aikdh rFkk enruhl eku/ku :- 2500 /- (:- 2500 ˣ useysys Lo;aikdh rFkk enruhl la[;k)
B32: izekf.kr dj.;kr ;srs dh] oj ueqn dsysyh ekfgrh nSuafnu uksanogho:u ?ksrysyh vkgs- rh riklyh vkgs o cjkscj vkgs-
D34: eq[;k/;klfidk@lfpo | G34: dsanz izeq[k
B35: fnukad | C35: 30-04-2026 | D35: 'kkys; O;oLFkkiu lferh | G35: varksjk
